title,company,location,link
신명(주) 2020년 상반기 사무직 신입사원 공개,신명,서울 영등포구,https://kr.indeed.com/viewjob?jk=7408c423ee2cdd6f
2020년도 상반기 제주국제자유도시개발센터 정규직 직원,제주국제자유도시개발센터,제주 제주시,https://kr.indeed.com/viewjob?jk=6bf2dafe18cc8ce5
서울대학교 AI위원회 직원 (일반행정(예산/회계 관리 포함)) 계약직/기간제,서울대학교 AI위원회,서울 관악구,https://kr.indeed.com/viewjob?jk=1b986d43749f963d
2020년도 신입 및 경력직,사립학교교직원연금공단,서울 영등포구,https://kr.indeed.com/viewjob?jk=ae6d4c6683a9afff
"(정시퇴근,복지좋아요) 사무보조, 사무행정 정규직",SG인베스트,서울 영등포구,https://kr.indeed.com/viewjob?jk=589c6d7d5a0da7ff
2020년 글로벌 인재,미래에셋대우,서울 중구,https://kr.indeed.com/viewjob?jk=821627b0453d4a1b
2020년 무기계약직 공개,국토연구원,세종특별자치시,https://kr.indeed.com/viewjob?jk=5f521246b1fe5d4f
2020년 5차 정규직 및 계약직 직원,한국의약품안전관리원,경기도,https://kr.indeed.com/viewjob?jk=d2a28f89adfc8af4
2020년도 형 인턴 및 경력직,한국장학재단,대구 동구,https://kr.indeed.com/viewjob?jk=eadc59392c1da693
2020년도 상반기 운영직,건강보험심사평가원,강원도 원주,https://kr.indeed.com/viewjob?jk=3db890e5cb2e7b4a
한국석유관리원 2020년 정규직 신입직원 공개경쟁 및 제한경쟁(취업지원대상자),한국석유관리원,대한민국,https://kr.indeed.com/viewjob?jk=737b22d8696ae59a
2020.03.01.부 겸임 및 초빙교원 신규채용 공고,경기대학교,대한민국,https://kr.indeed.com/viewjob?jk=998ef5dd176e2601
경기도의료원 직원(행정직/정규직) 신규,경기도립의료원,수원 장안구,https://kr.indeed.com/viewjob?jk=49c9cf7631326338
2020년 1차,한국국방연구원,서울,https://kr.indeed.com/viewjob?jk=b8e0c4fc42345351
급)부산knn 경영팀 총무/회계보조 사원 (주5일),knn방송국,부산 해운대구,https://kr.indeed.com/viewjob?jk=73372341a0bedf5e
함께 일하실 인재 (단기),랭귀지아카데미,서울 구로구,https://kr.indeed.com/viewjob?jk=2ea75d4045314e78
2020년 상반기 경기도일자리재단 정규직,경기도일자리재단,경기도 부천,https://kr.indeed.com/viewjob?jk=d1b0e5ad8be923f1
2020년도 금융보안원 신입직원,금융보안원,용인 수지구,https://kr.indeed.com/viewjob?jk=50f276863d804f55
하나아이원 간단 사무 신입/ 교육해드림,하나아이원,성남 분당구,https://kr.indeed.com/viewjob?jk=5043213a3b62db7a
[제일비엠시] 자금 및 회계(재경) 계약직,제일비엠시/형지I&C,서울 강남구,https://kr.indeed.com/viewjob?jk=852704496081ac1a
APL/평일 마스크 검수직원 /일13만원,에이피엘시스템,서울,https://kr.indeed.com/viewjob?jk=d3bfaf46ca9c46a5
회계 경리 사무원,미래자동문백화점,경기도 남양주,https://kr.indeed.com/viewjob?jk=d4852f08a6f33eca
일반직공무원 6급[심사관] 경력경쟁시험,특허청,대전 서구,https://kr.indeed.com/viewjob?jk=85e847449f4f1d57
2020년 상반기 정기,경상대학교병원,경상남도,https://kr.indeed.com/viewjob?jk=ea353932373ae32f
2020년 상반기 신규직원,국립낙동강생물자원관,경상북도,https://kr.indeed.com/viewjob?jk=f91e07d13bf5cd69
"[HK이노엔] 연구, 관리약사, 회계, 임상 우수 사원",씨제이헬스케어,서울 중구,https://kr.indeed.com/viewjob?jk=6f6992ca046da2e1
[주5일] 정육(남/시간.급여협의)/야채청과/정육/농산/캐셔/인사총무회계직원,홈마트(대형할인점),충청북도 충주,https://kr.indeed.com/viewjob?jk=bd40c3b1da04b6f3
"한국서부발전(주) 경력전문가(변호사, 회계사, 홍보전문가, 데이터관리원) 및 6직급직원",한국서부발전,경기도,https://kr.indeed.com/viewjob?jk=f6f634cc5f615fc4
인재 Pool 등록 (신입/경력),LG생활건강,서울,https://kr.indeed.com/viewjob?jk=8bc054059fc516dc
회계전표 작성 보조 단기 업무,에이스메디칼,서울 성북구,https://kr.indeed.com/viewjob?jk=addab73c42c55f1e
2020년 제1회 공공기관 통합공채 경기도청소년수련원 직원,경기도청소년수련원,안산 단원구,https://kr.indeed.com/viewjob?jk=37e6622f78da509c
2020년 2분기 경력사원,KDB생명보험,서울 용산구,https://kr.indeed.com/viewjob?jk=3ff4e9363e47967b
"단순사무직(부동산 영업보조,팀장 보조 -150만부터~ 주5일 자료정리",신의토건,수원 권선구,https://kr.indeed.com/viewjob?jk=03d78238f9059dfd
"(업무쉬움,정규직) 사무보조 - 문서/서류작성 및 관리 담당자",아주디벨롭먼트,서울,https://kr.indeed.com/viewjob?jk=e9667b33434a2f61
"일반사무, 재무회계 외 신입/경력 정규직",알파커뮤니케이션즈,대구 동구,https://kr.indeed.com/viewjob?jk=813e891181e97f8d
(중식제공/정규직) 간단 사무업무 가능하신 분 해요,SW알앤디,서울 강동구,https://kr.indeed.com/viewjob?jk=9b0258baea2d4ca0
2020년 관광두레 조성사업,한국관광공사,서울,https://kr.indeed.com/viewjob?jk=df044d6a2a73fb90
2020년 공항철도 차량분야 신입 및 회계사 경력사원,공항철도,인천 서구,https://kr.indeed.com/viewjob?jk=c92601fe1fd5435b
경기도시공사 신입직원,경기도시공사,수원 권선구,https://kr.indeed.com/viewjob?jk=7074826d5d2e950e
공무직(콜센터상담직_수화상담),국민연금공단,서울,https://kr.indeed.com/viewjob?jk=a37c1e7016c06721
APL/주말 마스크 검수직원 /일13만원,에이피엘시스템,서울,https://kr.indeed.com/viewjob?jk=a86963d7b6cdaf56
2020년 형인턴 및 경력직,한국장학재단,대구,https://kr.indeed.com/viewjob?jk=357bc846d1c95dc7
2020년 경력사원 (인재 Pool),LG상사,서울 종로구,https://kr.indeed.com/viewjob?jk=8c4b97d7a9f344b5
2020년,한국국방연구원,서울특별시,https://kr.indeed.com/viewjob?jk=b0febfa4c47a686c
2020년 건강보험심사평가원 운영직,건강보험심사평가원,광주광역시,https://kr.indeed.com/viewjob?jk=cbef2f70df24a6d9
[사람과 미래] 사무보조 정규직 신입/월200,사람과 미래,서울 동대문구,https://kr.indeed.com/viewjob?jk=f8b5474b5dbe18d2
[호인디앤씨] 사무보조 정규직 신입 / 월급200,호인디앤씨,서울 중구,https://kr.indeed.com/viewjob?jk=4293a348a44edb18
경복대학교 직원,경복대학교,경기도 남양주,https://kr.indeed.com/viewjob?jk=2ed0f85a1956b0f6
"경대병원역)주말알바(약국 알바)금,토,일(초보가능)",대구NOON약국,대구 중구,https://kr.indeed.com/viewjob?jk=23d3c51ebe4d7692
(재)예술경영지원센터 2020년 제직원(기간제),예술경영지원센터,서울특별시,https://kr.indeed.com/viewjob?jk=3abb641aed211cc2
"일반사무, 회계 외 경력 정규직",티엠마린,부산 해운대구,https://kr.indeed.com/viewjob?jk=e66f24e2701bb9e5
종합소득세신고가능한 경력자 알바,세무법인한결천안지점,충청남도,https://kr.indeed.com/viewjob?jk=2d4e88840bfa622b
재무회계/인사총무 (정규직),한주반도체,천안 동남구,https://kr.indeed.com/viewjob?jk=a4731b30b0d99073
2020년 제4차 인재(체험형 청년인턴),국토교통과학기술진흥원,서울,https://kr.indeed.com/viewjob?jk=56df4686bde8f5bc
교육 마케팅사무직 신입사원 공고,현대사이버평생교육원,서울 동대문구,https://kr.indeed.com/viewjob?jk=e25ffd28b9652704
신입사원(형 인턴) [변경],한국마사회,과천 과천시,https://kr.indeed.com/viewjob?jk=2ea9934d99d74067
(서울특별시 도시재생지원센터 제-09호) 서울특별시 도시재생지원센터 직원,서울특별시,대한민국,https://kr.indeed.com/viewjob?jk=553f1123ec12f6fa
"[포항]총무,회계업무,캐셔,판매직(진열/포장),축산,수산 직원",달구벌유통,포항 남구,https://kr.indeed.com/viewjob?jk=38b95683138547b6
한국조세재정연구원 2020년위촉직 직원,한국조세재정연구원,세종특별자치시,https://kr.indeed.com/viewjob?jk=a9a8f9ed43be3d87
Internship opportunity in Belg,성균관대학교,서울,https://kr.indeed.com/viewjob?jk=9cda041d35237d06
[호인디앤씨] 사무팀 정규직 신입 / 월급200,호인디앤씨,서울 중구,https://kr.indeed.com/viewjob?jk=5c3fd30e334b5676
회계담당자,DLG한빛,수원 영통구,https://kr.indeed.com/viewjob?jk=280b47ef932cea86
경리 회계 사무원,소마토테라피,청주 서원구,https://kr.indeed.com/viewjob?jk=f793143daa468d86
세조건설]단순전화 업무 /기본급180a/주4일근무/4시퇴근/주부환영,세조건설,대구 달서구,https://kr.indeed.com/viewjob?jk=d97a8fe125c6d990
중앙교우회 총동창회 사무실 사무보조/단순회계 담당자,중앙교우회,서울 중구,https://kr.indeed.com/viewjob?jk=c5ea978440adc239
저희와함께할오픈멤버,리더스컴퍼니,대전 중구,https://kr.indeed.com/viewjob?jk=0894b85c44fdedb5
컴퓨터 사무보조 직원,mostcore,경기도 시흥,https://kr.indeed.com/viewjob?jk=bf3f7413a7cc3220
중국공상은행 2020년 상반기,중국공상은행,서울 중구,https://kr.indeed.com/viewjob?jk=1ff1402cb66da52e
세무사무실(세무.회계) 직원,세무법인온&원,서울 중구,https://kr.indeed.com/viewjob?jk=3dd901ba7fdfd95c
꿀알바/선릉역/평일3일/하루4시간/작은 제품 택배포장,인솔빅,서울 강남구,https://kr.indeed.com/viewjob?jk=2863d5a1a4fd57d6
2020년도 한국시설안전공단 신입직원,한국시설안전공단,경기도,https://kr.indeed.com/viewjob?jk=188ad78011f382c9
경리 회계 사무원,AM KREA,청주 청원구,https://kr.indeed.com/viewjob?jk=52faa529da9709d2
협회 회계팀장,휴먼소사이어티,서울 서초구,https://kr.indeed.com/viewjob?jk=5d985eac7e764b3b
한국기초과학지원연구원 2020년 제2차 정규직 공개,한국기초과학지원연구원,대전 유성구,https://kr.indeed.com/viewjob?jk=5392b882e0bff1f9
2020년 공항철도 회계사 경력사원,공항철도,인천 서구,https://kr.indeed.com/viewjob?jk=440f3cf7a1cbda02
[주목~] 3H지압침대 연산센터에서 함께하실 여사원 오전9시~오후6시,3H지압침대(연산센터),부산 연제구,https://kr.indeed.com/viewjob?jk=35a1d4a39572eb72
한국보건의료연구원 2020년 제직원,한국보건의료연구원,서울특별시,https://kr.indeed.com/viewjob?jk=a3ec49484316dd02
사무보조&관리 - 문서작성/서류관리업무 담당자 구인,송일위너스,서울 송파구,https://kr.indeed.com/viewjob?jk=731eaed8fd19a13a
회계 시급 파트타임 (일 5시간),서광룩스,부산 동래구,https://kr.indeed.com/viewjob?jk=5b852578d0ad6712
(여) 법당일 보실분,관음사,경기도 남양주,https://kr.indeed.com/viewjob?jk=a070334b3732d9fe
한국건강가정진흥원 2020년 상반기 직원,한국건강가정진흥원,서울 서초구,https://kr.indeed.com/viewjob?jk=e1fcbe7008a85c9c
2020년 상반기 NCS기반 신규직원,건강보험심사평가원,서울,https://kr.indeed.com/viewjob?jk=a522a541dd32b247
2020년 상반기 신입 또는 경력 정규,원 봉,서울 강서구,https://kr.indeed.com/viewjob?jk=da7c4ddb3583da85
2020년도 한국원자력연구원 정규직,한국원자력연구원,대전광역시,https://kr.indeed.com/viewjob?jk=876489c893d26c3a
2020년 제1차 신입 및 경력직원,소상공인시장진흥공단,서울,https://kr.indeed.com/viewjob?jk=9e95caa43aa16dfb
"회계 1명, 접수 1명",오토허브서비스,용인 기흥구,https://kr.indeed.com/viewjob?jk=a66ef6731a75cd3c
경영지원그룹 회계/인사/총무/경력직 정규,지온메디텍,안양 동안구,https://kr.indeed.com/viewjob?jk=aaab2b023a632239
2020학년도 하반기 한국방송통신대학교 전임대우 강의교수 신규,한국방송통신대학교,서울 종로구,https://kr.indeed.com/viewjob?jk=6ca441dbf00020a0
"서울대학교병원 2020년도 블라인드 직원(사무직, 기술직) (장애인 특별우대)",서울대학교병원,서울 종로구,https://kr.indeed.com/viewjob?jk=482bf3145a9fe53a
"[시급 10,000] 쇼핑몰 의류 창고 정리 및 입출고 관리 사원",아이엑스,서울 광진구,https://kr.indeed.com/viewjob?jk=5081a6901ab3a190
회계사무원,None,경상남도 진주,https://kr.indeed.com/viewjob?jk=b1a0b3ec98f64d92
"사무보조,경리 (단순업무,신입환영)",티와이앤컴퍼니,서울 구로구,https://kr.indeed.com/viewjob?jk=f0f3e7e663b28006
충주 중원골프클럽 경영지원팀 회계파트 2년~3년미만 경력직,중원골프클럽유한회사,충청북도 충주,https://kr.indeed.com/viewjob?jk=9073aac466ad2381
물류직사원,삼구FS,경기도 평택,https://kr.indeed.com/viewjob?jk=fafa7a0354c9b04e
재무회계실 회계업무 보조 계약직,한국기계전기전자시험연구원,경기도 군포,https://kr.indeed.com/viewjob?jk=4041d8492af4fbfa
2020년도 인천도시공사 신입직원,인천도시공사,인천 남동구,https://kr.indeed.com/viewjob?jk=0f26c11935fde71c
"서울주택도시공사 전문직(세무회계,금융,도시설계)",서울특별시,대한민국,https://kr.indeed.com/viewjob?jk=34c01c4befd143c5
[SK M&Service] 회계/세무 담당자,에스케이엠앤서비스,서울,https://kr.indeed.com/viewjob?jk=bc1f1f6727e1e7d2
2020년도 제2차 기간제 근로자,한국시설안전공단,경기도,https://kr.indeed.com/viewjob?jk=cca2e763ee8d6dc2
2020년 한림대학교 정규직원,한림대학교,강원도 춘천,https://kr.indeed.com/viewjob?jk=37ecff674a64517b
[경영지원팀] 경영지원팀- 회계 사무직원,한아IT,대구 동구,https://kr.indeed.com/viewjob?jk=2a095c4277cbe9d4
세무회계사무소 같이 일하실 분 찾습니다.,None,청주 상당구,https://kr.indeed.com/viewjob?jk=e6eef8a9013145fc
2020년 직원채용 공고(회계/전기/기계),강원도개발공사,강원도,https://kr.indeed.com/viewjob?jk=e41887c0a06c6f82
DGIST 정규직 일반직원 채용공고,대구경북과학기술원,대구 현풍면,https://kr.indeed.com/viewjob?jk=eda72a5d3a3d1113
# 성북구/ 월평균400만대출상담tm /성신여대/ 주5일/꿀사무직,SB금융,서울 성북구,https://kr.indeed.com/viewjob?jk=403917749f44651d
강남역 스마트A 아르바이트 -단순경리보조-,삼신엠앤디,서울 서초구,https://kr.indeed.com/viewjob?jk=2c4084514bbc29a0
대연8구역 주택재개발정비사업조합설립추진위원회 사무보조직원 공고,대연8구역주택재개발정비사업조합,부산 남구,https://kr.indeed.com/viewjob?jk=1f4d4adac3e75944
휴온스 그룹 수시,휴온스글로벌,성남 분당구,https://kr.indeed.com/viewjob?jk=2eee23b3308d0207
재단법인 서울시복지재단 직원,서울특별시,대한민국,https://kr.indeed.com/viewjob?jk=6feefee29c5c06f7
2020년도 (주)선경이엔씨 기획관리부 인사노무팀/재무회계팀 정규직 [신입/경력],선경이엔씨,용인 기흥구,https://kr.indeed.com/viewjob?jk=ae7180a785a49a52
2020년도 충남창조경제혁신센터 사업전담계약직(지역마창고 사업운영-부여) (),충남창조경제혁신센터,충청남도 부여,https://kr.indeed.com/viewjob?jk=57920917a8f9261c
"서울디자인재단 시민디자인연구, 패션의류마케팅, 세무·회계 계약직 직원",서울특별시,대한민국,https://kr.indeed.com/viewjob?jk=3062df1c050989b0
강력추천 /월급여300만 사무직 건설업 공무분야 유경험자 함,디에이치안전공사,충청남도 홍성,https://kr.indeed.com/viewjob?jk=69331f206b40b1ce
2020년 제직원(계약직 및 청년인턴),한국교육학술정보원,대구광역시,https://kr.indeed.com/viewjob?jk=a2409253bcd4079b
회계관리 경력사무원,신풍,강원도 홍천,https://kr.indeed.com/viewjob?jk=f19466199d244646
연구직 신규인력,한국조세재정연구원,세종특별자치시,https://kr.indeed.com/viewjob?jk=622eb27fcdbe09c1
월평균300만이상~ 풀빌라 분양 직원 / 투잡가능/출퇴근자유,명인,안산 단원구,https://kr.indeed.com/viewjob?jk=87447daeb0eb565a
2020년 상반기 제주국제자유도시개발센터 정규직 직원,제주국제자유도시개발센터,제주도 제주,https://kr.indeed.com/viewjob?jk=29411ac69384cb26
[연2500만/주5일/정규직전환/신입]IT시스템회사 OA유지보수,엠제이코리아,성남 분당구,https://kr.indeed.com/viewjob?jk=66f01959392073f9
회계 및 결산,아프리카TV,성남 분당구,https://kr.indeed.com/viewjob?jk=4b66e6b496390937
[카앤피플] 2020년 상반기 신입/경력 (회계관리팀),카앤피플,경기도 김포,https://kr.indeed.com/viewjob?jk=2830ba95e7153729
정규직 신입사원 공개(회계팀),츄고쿠삼화페인트,경상남도 김해,https://kr.indeed.com/viewjob?jk=4906ad0d32542086
[즉시체용] 회계 경리 직원 (좋은대우),웰파크 분양사무소,성남 분당구,https://kr.indeed.com/viewjob?jk=2c8d82843f722eb6
[즉시체용] 회계 경리 직원 (좋은대우),웰파크,성남 분당구,https://kr.indeed.com/viewjob?jk=9a1591eab20d0953
"쇼핑몰 관리, 포장, 전화응대, PC사용자",에코나라,광주 광주시,https://kr.indeed.com/viewjob?jk=2070e2726dc652c6
한국생산기술연구원 국가청정샌산지원센터 자원순환기술정책실 단기근로자,한국생산기술연구원 국가청정생산지원센터,서울 강남구,https://kr.indeed.com/viewjob?jk=298eff2cd3f96b74
회계경리직원,엘림,수원 영통구,https://kr.indeed.com/viewjob?jk=fb2d0c37862968c3
[정규직]경릭(세무/회계/총무/사무보조),착한습관,광주 광주시,https://kr.indeed.com/viewjob?jk=5a7526a91c5bed5e
(칼퇴) 사무보조 -초보환영,신우빌더스,서울 광진구,https://kr.indeed.com/viewjob?jk=5452826d03257634
부산knn 방송국 경영팀 회계보조 사원,프라임휴먼텍,부산 해운대구,https://kr.indeed.com/viewjob?jk=721a97115ac4cce1
2020년 5차 직원,한국의약품안전관리원,안양 동안구,https://kr.indeed.com/viewjob?jk=e3aa694262c7d1c5
2020년도 충남창조경제혁신센터 사업전담계약직(천안-창업마루 나비센터),충남창조경제혁신센터,천안 서북구,https://kr.indeed.com/viewjob?jk=19f146e8487f6494
대졸신입사원 공채,효성그룹,대한민국,https://kr.indeed.com/viewjob?jk=096258568681ef51
KEV 2020 상반기 중소기업 재무컨설턴트 (신입/경력),한국기업금융평가원,서울 마포구,https://kr.indeed.com/viewjob?jk=1a55a4e9e9c64aff
신입직원,오송첨단의료산업진흥재단,청주 흥덕구,https://kr.indeed.com/viewjob?jk=d4db2b60e1c0590f
(주)부흥컴퍼니 단순사무 경리 회계 정규직,부흥,서울 강북구,https://kr.indeed.com/viewjob?jk=8e5b9ed945948483
2020년 경력 및 신입직원 정기,FITI시험연구원,서울 강서구,https://kr.indeed.com/viewjob?jk=46b95193586dd37b
2020년 (재)원주문화재단 신규직원,재단법인 원주문화재단,강원도 원주,https://kr.indeed.com/viewjob?jk=4522f8fea06b3073
카페덱스터 경영지원(인사)팀 신입 인턴,카페덱스터,서울 서초구,https://kr.indeed.com/viewjob?jk=9840f500dc3d5d71
회계사무실 계약직,None,창원 의창구,https://kr.indeed.com/viewjob?jk=dffe3c38808e1370
"여경리(회계사무직) ,월200~250만",우남교통,서울 은평구,https://kr.indeed.com/viewjob?jk=33cb5f84246b1c41
회계담당자,올리브홀딩스,용인 수지구,https://kr.indeed.com/viewjob?jk=3d0ea12bc6d01665
회계사무소경력사원,None,창원 성산구,https://kr.indeed.com/viewjob?jk=545098199f181c8e
회계/세무업무 경력직,디텍씨큐리티,성남 분당구,https://kr.indeed.com/viewjob?jk=03b8c76e92fb1007
단순사무 경리 회계,대경종합건설,용인 기흥구,https://kr.indeed.com/viewjob?jk=05f8aeba1321a357
"일반사무, 전표입력 외 신입/경력 정규직",국제텍스타일,경기도 남양주,https://kr.indeed.com/viewjob?jk=6e15d35d3c198fa1
직원,루체,청주 청원구,https://kr.indeed.com/viewjob?jk=754ff2cd01d7977e
아르바이트,None,서울,https://kr.indeed.com/viewjob?jk=b320c82e95014984
[위드온] 월200 사무팀 밝은 신입,위드온,성남 분당구,https://kr.indeed.com/viewjob?jk=cd5a0f83b8710e08
차량용 LPG 충전소 여직원(회계) 보조,맘모스LPG충전소 (월평LPG충전소),대전,https://kr.indeed.com/viewjob?jk=e42becaf42c304a3
행정사무직 (본사),에이치디에스자산관리,수원 장안구,https://kr.indeed.com/viewjob?jk=f02775de3b37a42a
"[연2600만/주5일/정규직전환/신입,초보]IT외국계열사 OA유지보수",엠제이코리아,서울 영등포구,https://kr.indeed.com/viewjob?jk=cd2c2f83f39333da
국토연구원 2020년 무기계약직,국토연구원,세종특별자치시,https://kr.indeed.com/viewjob?jk=c1480bc30d586c53
정규직사원 (광고전화접수및 전산입력등 관련업무),의정부벼룩시장,경기도 의정부,https://kr.indeed.com/viewjob?jk=7901d4bcc2ebb4b4
여경리(회계사무직),우남교통,서울 은평구,https://kr.indeed.com/viewjob?jk=407a9801a55a45a5
2020년 상반기 KT&G 8급/전문 경력사원,KT&G,서울,https://kr.indeed.com/viewjob?jk=2e2972822bd6e426
회계/경,영기업,경기도 김포,https://kr.indeed.com/viewjob?jk=b896b80a8eb08870
(인원 변경)2020년도 일반직 6급 직원 2차 공개(블라인드 ),한국공정거래조정원,서울,https://kr.indeed.com/viewjob?jk=41c7451ed8b96c50
사무총무부 신입사원 (주5일/야근없음/식대지원),에이블플레이,인천 계양구,https://kr.indeed.com/viewjob?jk=e89c5889e4aa9d89
재무회계 경력 정규직,이가구,경기도 화성,https://kr.indeed.com/viewjob?jk=93c9520f91477dbe
민주화운동기념사업회 2020년 제직원,민주화운동기념사업회,경기도,https://kr.indeed.com/viewjob?jk=3907788924e4d71e
서울문화재단 제5차 직원,서울특별시,대한민국,https://kr.indeed.com/viewjob?jk=93edc500773ee96f
(5월4일 단하루) 출력등 단순업무,None,부산 부산진구,https://kr.indeed.com/viewjob?jk=1e8bdab1734786aa
회계사무실 직원,None,부산 부산진구,https://kr.indeed.com/viewjob?jk=62de179d8eb9cc39
제주 드림타워 대규모 공개,롯데관광개발,서울 종로구,https://kr.indeed.com/viewjob?jk=2777748400bc1edb
각 분야별 신입 및 경력사원,좋은책 신사고,서울 강서구,https://kr.indeed.com/viewjob?jk=6e9bfa23daf28fae
한국주택금융공사 특정직,한국주택금융공사,부산 남구,https://kr.indeed.com/viewjob?jk=13ed8ef538100dd7
회계관리 및 사무보조 정규직 (경력우대),농업회사법인순수식품,경상남도 진주,https://kr.indeed.com/viewjob?jk=cf9a8d65247cfa53
건설시행사 직원 주5일(근무시간10:30~16:30),빌리브,수원 팔달구,https://kr.indeed.com/viewjob?jk=47e3a0998336a773
"사무직 신입직원, 경력직원 (군필자 환영)",정우아이앤씨,인천 부평구,https://kr.indeed.com/viewjob?jk=842777bca6c3910b
회계사무소 열정적인 신입인재,None,전라남도 여수,https://kr.indeed.com/viewjob?jk=f7edec06fccdf398
"인사,노무,회계등 총관리자",삼원기업,안산 단원구,https://kr.indeed.com/viewjob?jk=809584460920a9cd
[연2600만/주5일/정규직전환/신입]IT통합시스템 OA유지보수,엠제이코리아,서울 영등포구,https://kr.indeed.com/viewjob?jk=2c50a4e212539b4b
1-2시간 남녀 단기알바(좌담회/설문/리서치)사례비 당일지급,리서치파워,서울 강남구,https://kr.indeed.com/viewjob?jk=9809e4296d4bb1d7
"회계, 세무 외 경력 정규직",케이웍스,용인 기흥구,https://kr.indeed.com/viewjob?jk=ab40afc70c6ccd6c
(주)신한디엠 회계/경리직 정규직,신한 디엠,서울 마포구,https://kr.indeed.com/viewjob?jk=a97d2a17b5b45477
"배송직원 08시~현지퇴근 연봉3250만원(퇴직금포함)/ 제과,식품영업 경력사원",플러스오케이,경기도 하남,https://kr.indeed.com/viewjob?jk=7e4f51d474611f63
"월300만이상~LGU TM,아웃바운드 스케줄러/여사무직(총무,비서직)",LGU+비즈원,부산,https://kr.indeed.com/viewjob?jk=d98e6f2a4a0362fc
2020년 상반기 신입 및 경력사원,㈜블루폼,성남 분당구,https://kr.indeed.com/viewjob?jk=22eb0825f01f8bb3
경기관광공사 신입직원 공개경쟁,경기관광공사,수원 장안구,https://kr.indeed.com/viewjob?jk=4fa6f6192b1ed509
학교법인 송곡학원 회계 직원 경력직,송곡대학교,강원도 춘천,https://kr.indeed.com/viewjob?jk=7b22b37f85d17d7a
"[건설그룹태건] 건설사회계, 시행사회계 담당자 신입/경력",태건자산관리,서울 강남구,https://kr.indeed.com/viewjob?jk=112ff5ee4a5a7769
일급 12만원 / 행솔회계세무사 / 종합소득세 신고 경력자,None,서울 노원구,https://kr.indeed.com/viewjob?jk=83f0ead79fa4760a
사무회계.판매관리. 컴퓨터 활용능력 가능하신분,하이시스템 에어컨,경상남도 김해,https://kr.indeed.com/viewjob?jk=afcff039de9ccea2
"2020년 운영직(사무보조, 시간선택제 상담, 운전) 신규",축산물품질평가원,강원도,https://kr.indeed.com/viewjob?jk=0130a09d93100d2d
경리회계직원,에이치에스기업,청주 흥덕구,https://kr.indeed.com/viewjob?jk=f9b3ac53f9e96f6b
[정규직] 중국어 가능한 회계/경리 경력사원,신촌뷰티,서울 마포구,https://kr.indeed.com/viewjob?jk=87a221cd0b2d7aa3
2020년도 가톨릭관동대학교기술지주(주) 직원,가톨릭관동대학교 기술지주,인천 서구,https://kr.indeed.com/viewjob?jk=0d95f09b83910b17
회계사무원,에프앤에스,경상남도 진주,https://kr.indeed.com/viewjob?jk=38f9c2be4ec24156
[주5일/단순업무] 간단한 사무보조 및 마케터,윤일개발,서울 동작구,https://kr.indeed.com/viewjob?jk=53ed16596b03b310
회계 경리 사무원,유심오토리어,경기도 남양주,https://kr.indeed.com/viewjob?jk=995cd1ef7a95e147
2020년 체험형 청년인턴 (2차),한국사회복지협의회,서울,https://kr.indeed.com/viewjob?jk=ed67d2f88568de96
신입/어려운 업무 없어요,코어건설,서울 중랑구,https://kr.indeed.com/viewjob?jk=76aefca58e4b1268
2020년 (주)참존 신입 및 경력직 수시,참존,서울 강남구,https://kr.indeed.com/viewjob?jk=d2704b5d8070fabe
유네스코 국제기록유산센터 신입직원 공개,국가기록원,청주 흥덕구,https://kr.indeed.com/viewjob?jk=cb14d93a58d44a28
"태성회계법인(대전)KICPA,AICPA공인회계사",None,대전 서구,https://kr.indeed.com/viewjob?jk=9a26dfbcbfe71f22
세무회계사무소여성경력직원(미경력자가능(전산세무회계자격증소지자)),None,대구 남구,https://kr.indeed.com/viewjob?jk=681ea2c33ded0203
한국석유관리원 2020년 정규직 신입직원경쟁 및 제한경쟁(취업지원대상자),한국석유관리원,부산광역시,https://kr.indeed.com/viewjob?jk=c061da8c892911dc
"재무,회계,세무,총무.외감.결산.경력직",세종넷피아,서울 금천구,https://kr.indeed.com/viewjob?jk=c1254ffc07fd5220
"재무, 회계 외 신입/경력 정규직",에스원피앤피,경기도 화성,https://kr.indeed.com/viewjob?jk=7583722b45d730b0
서울산업진흥원 신입ㆍ경력,서울특별시,대한민국,https://kr.indeed.com/viewjob?jk=17fc128e066a95fe
산학협력단 직원(계약직) 공개채용 공고[회계 및 세무],경기대학교,대한민국,https://kr.indeed.com/viewjob?jk=621599e61c8a76f0
재무회계 담당자 (시니어),RIDI Corp,서울,https://kr.indeed.com/viewjob?jk=cbd8e04cbf58abe5
신입사원(세무회계사무소),None,안산 단원구,https://kr.indeed.com/viewjob?jk=4cc2ee1629c16fb4
한국기초과학지원연구원 2020년 제정규직,한국기초과학지원연구원,대전광역시,https://kr.indeed.com/viewjob?jk=cbf2f85dd26985df
한국의약품안전관리원 2020년정규직 및 계약직 직원,한국의약품안전관리원,경기도,https://kr.indeed.com/viewjob?jk=832b39a921319e57
성실한 직원,개나리벽지,부산 동래구,https://kr.indeed.com/viewjob?jk=129b47ac0f5a64cf
강남 논현동 누구나 쉬운 골프장 예약 골프장 예약대행 정규직 직원,골드피그,서울 강남구,https://kr.indeed.com/viewjob?jk=307793b2828bfa87
2017년 기술보증기금 정규직 신입직원 채용공고,기술보증기금,대한민국,https://kr.indeed.com/viewjob?jk=585541d748871a3a
세무회계사무소 신입/경력,None,세종특별자치시,https://kr.indeed.com/viewjob?jk=3608c31e4c383c03
경영지원부 경리/회계/급여및4대보험/ 담당자,컴크로스,용인 기흥구,https://kr.indeed.com/viewjob?jk=5b73a8df28586e41
한살림전북생협 직원(회계/계약직),한살림전북소비자생활협동조합,전주 완산구,https://kr.indeed.com/viewjob?jk=f91bcbb371a65fac
서울시복지재단 직원(연구원),서울특별시,대한민국,https://kr.indeed.com/viewjob?jk=72a392d0af053172
세무회계사무소 경력직 직원,None,안산 단원구,https://kr.indeed.com/viewjob?jk=ec463831fc022de6
"외국계 자동차부품사 재무,회계팀 중간관리자",Metaldyne,경기도 평택,https://kr.indeed.com/viewjob?jk=ed70b733c879ffb6
(재)경기도교육연구원 관리직원[계약직(휴직대체)],경기도교육연구원,경기도,https://kr.indeed.com/viewjob?jk=fb7e0139e88a9cde
사무직경리,양산자동차해체재활용산업,경상남도 양산,https://kr.indeed.com/viewjob?jk=45403648e79c998e
회계 사무원,청솔에너지,경상북도 김천,https://kr.indeed.com/viewjob?jk=f682b47e20a220a7
"세무, 회계, 결산 가능한자 (종합소득세)",None,서울 금천구,https://kr.indeed.com/viewjob?jk=77ad7a3ab43ea832
2020년도 제8차 계약직 직원,한국한의약진흥원,서울,https://kr.indeed.com/viewjob?jk=e032d86dcc939662
"꿀잡 남 ,여 생산직 사원",성진,경기도 시흥,https://kr.indeed.com/viewjob?jk=e8c7ae69d0523c3d
"에이치엠테크-경영관리업무(총무,인사,회계,지원업무등)",에이치엠테크,강원도 원주,https://kr.indeed.com/viewjob?jk=853e1736d5f2d5db
[팀원] 부동산 배우면서 상담사로 일해보실분 (여자분),성지산업개발,부산 부산진구,https://kr.indeed.com/viewjob?jk=035c30fda98d3e18
해외사업 담당,Nexon,성남 분당구,https://kr.indeed.com/viewjob?jk=381fed937acc928e
(강남)회계/세무 사무실 기장결산업무 연 2700~3000만 경력직,퍼시픽컨설팅,서울 강남구,https://kr.indeed.com/viewjob?jk=b42f151b56a8de04
"2020년 NCS기반 신입직원 (제한경쟁-보훈,장애인)",한국디자인진흥원,경기도,https://kr.indeed.com/viewjob?jk=2dbe3ab5077de878
"세무, 회계 경력 정규직 [회계법인]",None,서울 강남구,https://kr.indeed.com/viewjob?jk=efc53555d6e6d88f
한국건설생활환경시험연구원_회계_9개월,한국건설생활환경시험연구원,경기도 양주,https://kr.indeed.com/viewjob?jk=899b720d56b7f51b
"[단기,투잡]시험참여자 (전국-지역별)지원바랍니다",링크타임,세종특별자치시,https://kr.indeed.com/viewjob?jk=e3d80ebd8e3d09bc
서울문화재단 제1차 직원,서울특별시,대한민국,https://kr.indeed.com/viewjob?jk=e616847678be845c
"(주)에이치엠테크-경영관리업무(총무,인사,회계,지원업무등)",효명산업,강원도 원주,https://kr.indeed.com/viewjob?jk=75c0a9e33c4799bc
"제조업 경리,",동양에폭시,경기도 김포,https://kr.indeed.com/viewjob?jk=8e9661ece8fe53e4
"의류 및 잡화 포장 , 출고 아르바이트 (투잡자 환영)",현진,수원 권선구,https://kr.indeed.com/viewjob?jk=edcc4ca4e13f86ff
2020년 제6차 굿네이버스 해외파견직원 수시 (모잠비크),굿네이버스,대한민국,https://kr.indeed.com/viewjob?jk=486b671524320b82
안성시 거주하는 농기구 단순 조립 및 포장 작업 원하시는 분,효심산업,경기도 안성,https://kr.indeed.com/viewjob?jk=27c5d4e96c914673
2020년 인사팀 급여/4대보험 부문 경력사원,한화에스테이트,서울 영등포구,https://kr.indeed.com/viewjob?jk=83bce32adaebbe2c
[한국지식재산보호원] 2020년 제7차 인력,한국지식재산보호원,서울,https://kr.indeed.com/viewjob?jk=7f14a99188c59de8
"사무실, 사무직 , 활발한 사무보조",DH플래닛,서울 구로구,https://kr.indeed.com/viewjob?jk=bfd015508c88084c
[골프장] 경리(회계) 정직원,파주컨트리클럽,경기도 파주,https://kr.indeed.com/viewjob?jk=f785ef66aa76ecf3
회계사무실에서 함께 일할 직원,None,울산 남구,https://kr.indeed.com/viewjob?jk=4360b1ae51203c91
서울폴리택평생교육원 마케팅 부서 신규(블로그/SNS마케팅),서울폴리텍평생교육원,서울 동대문구,https://kr.indeed.com/viewjob?jk=656782a3b20d99a9
한만두식품 경영지원(회계) 팀원,농업회사법인한만두식품,경기도 양주,https://kr.indeed.com/viewjob?jk=1bd7f68ce4258e4c
한국국제크리스천스쿨 회계팀원,한국국제크리스천학교,인천,https://kr.indeed.com/viewjob?jk=dc260e04afe7470e
세무사최광열사무소에서 5월달 단기알바 한분,세무사최광열사무소,서울,https://kr.indeed.com/viewjob?jk=8a8cb55dd2bb85b7
[영천_모델하우스]전산알바 및 기타알바,공백에스앤엠,경상북도 영천,https://kr.indeed.com/viewjob?jk=e6a8e9bb32aff79d
[채움세무회계] 업무부 신입 직원 추가 (서울 영등포구),None,서울 영등포구,https://kr.indeed.com/viewjob?jk=9c74c6ed5598487e
[단순업무/주5일근무] 사무보조,태영컴퍼니,서울 서초구,https://kr.indeed.com/viewjob?jk=aa1631d10984ef9f
(주)대림에이에프 회계 담담당(계약직) 및 영업지원,대림에이에프,서울 강남구,https://kr.indeed.com/viewjob?jk=bdd9a99a943a2d4e
세무회계사무소 경력직사원,None,부산 해운대구,https://kr.indeed.com/viewjob?jk=24b084095e9696cb
2020년 제2차 직원,민주화운동기념사업회,경기도,https://kr.indeed.com/viewjob?jk=a04f9892dcab101f
회계결산담당,한국축지,성남 중원구,https://kr.indeed.com/viewjob?jk=89f2c0f7b7f7080d
"계약직연구원 (ICT전략, 통신규제)",정보통신정책연구원,충청북도,https://kr.indeed.com/viewjob?jk=0d3d1b114d0c48d9
재무회계관리팀장 [경력 10년이상],우룡,강원도 영월,https://kr.indeed.com/viewjob?jk=c1d3327c7ce1f7eb
2020년 제2차 기간제(대체인력),아시아문화원,광주광역시,https://kr.indeed.com/viewjob?jk=270ec2e07f21513a
일본계 한국법인 일어 가능한 경리회계 사원,엘마르코리아,서울,https://kr.indeed.com/viewjob?jk=ef1e725d9fa9a601
중원장애인자립생활센터 활동지원사업 회계 및 업무지원 사회복지사,중원장애인자립생활센터,성남 중원구,https://kr.indeed.com/viewjob?jk=749f40a5bd3033fd
세무사무실(세무.회계) 직원,세무법인 온앤원,서울 중구,https://kr.indeed.com/viewjob?jk=646454e06cdaa884
"경영지원부 사무관리원 (회계, 관리총괄)",주성정공,경기도 김포,https://kr.indeed.com/viewjob?jk=39d4c05cecc7a7c4
[태건자산관리] 재무자산관리 및 경영지원부 (신입/경력),태건자산관리,서울 강남구,https://kr.indeed.com/viewjob?jk=3a8a564bba52c828
본사 회계세무사무원,비츠로,창원 마산회원구,https://kr.indeed.com/viewjob?jk=364dcb8d292c7919
2020년 강원도개발공사 프로젝트 계약직 (회계),강원도개발공사,강원도 춘천,https://kr.indeed.com/viewjob?jk=fd7b762715cad1d8
[교대/강남] 세무회계사무실 입력알바 구인,None,서울 서초구,https://kr.indeed.com/viewjob?jk=6ad0b67913891a68
2020년 원주문화재단 신규직원,재단법인 원문화재단,강원도 원주,https://kr.indeed.com/viewjob?jk=41e333ce88b9dcbd
"회계[인사,총무]실무가능자",케이비엔텍,안산 단원구,https://kr.indeed.com/viewjob?jk=cf0ff0a99cd8be79
군인공제회 신입사원,군인공제회,서울 강남구,https://kr.indeed.com/viewjob?jk=683842272d6f904e
총무부(회계포함)직원 (경력직),동보약품,대구 동구,https://kr.indeed.com/viewjob?jk=f19fc91b33988ac1
해외영업 업무지원,아이디스,성남 분당구,https://kr.indeed.com/viewjob?jk=d90859f19f58ab1f
경리 회계사무원,에코그린알텍,경기도 김포,https://kr.indeed.com/viewjob?jk=2989ecde736552d0
사무보조 여직원 45세이하,동부SNC,부산 연제구,https://kr.indeed.com/viewjob?jk=2dc0eee30d95e17e
[] 회계 담당자 (대리~과장),드래곤플라이,서울 논현동,https://kr.indeed.com/viewjob?jk=48568d0cfe258e76
(경력-본사) 2020년 상반기 호반그룹 공개,호반건설,서울 서초구,https://kr.indeed.com/viewjob?jk=1fd0ac967d2f62ec
울산지사 계약직(용지보상),한국농어촌공사,울산,https://kr.indeed.com/viewjob?jk=34fa966602cb5db3
[운전물류배송직/월380초보자가능]1톤탑차소유주환영/지입X물량확보OK/동승교육/er258,코오롱지엘에스,청주 상당구,https://kr.indeed.com/viewjob?jk=8e03843c3c8eb9bf
재무회계 경력 정규직,쏘울 크리에이티브,서울 금천구,https://kr.indeed.com/viewjob?jk=f6fc524ac1a58cc8
외국계 한국법인 일본어 가능한 회계담당자,엘마르코리아,경기도,https://kr.indeed.com/viewjob?jk=0d834521ed8e4858
2020년 제신입 및 경력직원,소상공인시장진흥공단,서울특별시,https://kr.indeed.com/viewjob?jk=8fee56cc1159fd63
"세무, 회계 외 경력 알바",None,서울 영등포구,https://kr.indeed.com/viewjob?jk=aa398285de0653ee
경기ㆍ인천 소상공인협업아카데미 사업수행계약직 (재진행),한국생산성본부,안양 동안구,https://kr.indeed.com/viewjob?jk=e03d1a5e7df5c1e3
"세무회계 사무원 회계,기장대리)",None,경기도 평택,https://kr.indeed.com/viewjob?jk=22e374203f34c7d7
2020년도 청년인턴,한국농수산식품유통공사,서울,https://kr.indeed.com/viewjob?jk=59b018e8b8e3a448
한국환경공단 공인회계사 채용 재공고,한국환경공단,대한민국,https://kr.indeed.com/viewjob?jk=2a3db261944eb6a9
재무회계팀 (단기 파트타이머),신한비엔피파리바자산운용,대한민국,https://kr.indeed.com/viewjob?jk=ddcc601ce3dac133
2020년도 국비교육생 대,고양여성인력개발센터,고양 일산서구,https://kr.indeed.com/viewjob?jk=9cbe75ae7c00e564
2020년 상반기 체험형 청년인턴 공개,제주국제자유도시개발센터,서울,https://kr.indeed.com/viewjob?jk=dd212b46b2f28985
"원가계산, 사무보조 신입/경력 정규직",한국경제조사연구원,성남 중원구,https://kr.indeed.com/viewjob?jk=9edb3c06709cb1e1
2020년 각 부문 기간제 직원,코스콤,안양 동안구,https://kr.indeed.com/viewjob?jk=17c32b3f41b85f15
"SH공사 전문가(기록물관리, 세무회계)",서울특별시,대한민국,https://kr.indeed.com/viewjob?jk=5bd409ec08aa11c9
노그린에너지 재무회계 팀원,노을그린에너지,서울 마포구,https://kr.indeed.com/viewjob?jk=8227139e917210d6
2020년 상반기 각 부문 신입 및 경력사원,아스코,서울 성동구,https://kr.indeed.com/viewjob?jk=22e3e43df00fd7b9
세무사 사무실 경력자 알바,None,서울 광진구,https://kr.indeed.com/viewjob?jk=6db1d255000dccb5
"[부동산 시행사] 회계, 세무 팀장급 (과차장급)",서울외대스카우트,서울 강남구,https://kr.indeed.com/viewjob?jk=475e1ac54cb93c40
회계사무원,농업회사법인 신우에프에스,충청남도 서산,https://kr.indeed.com/viewjob?jk=ffe3dc1a5d7105e3
인사.회계.총무 사무원,성안,강원도 원주,https://kr.indeed.com/viewjob?jk=b03e1a7bd270b7c9
"[오산,안양,서초] 5000세대 임대관리 및 계약서관리 신입/경력",태건자산관리,서울 강남구,https://kr.indeed.com/viewjob?jk=04b204378da98c8a
성실한 관리(회계)부 직원,미산우드,인천 서구,https://kr.indeed.com/viewjob?jk=0d2794ea352126c3
KT 공식 대리점 정책 총괄(경력 5년이상),쇼플러스,성남 분당구,https://kr.indeed.com/viewjob?jk=97f9471b6c09f5d3
신입 세무회계 직원,None,고양 일산동구,https://kr.indeed.com/viewjob?jk=403c7559b286f72f
Savills Korea 기간제 근로자 (인턴),세빌스코리아,서울 중구,https://kr.indeed.com/viewjob?jk=c8be7174f3b81cc8
경력무관 사무/인사담당자,데이지스퀘어,경기도 부천,https://kr.indeed.com/viewjob?jk=9eb97bd423395359
"회계,경리 담당자",송암철강,충청북도 음성,https://kr.indeed.com/viewjob?jk=bde73b37b3ad4994
사세확장/3개월단기알바 블로그관리 사이트관리 홍보관리,대진,서울 강남구,https://kr.indeed.com/viewjob?jk=3e03086b472d1d9f
"건설업-회계, 총무업무 함께하실분",일소건설,경상북도 경주,https://kr.indeed.com/viewjob?jk=2309120fb87320d4
[사단법인 그린티처스] 사무직(중장년) 직원,사단법인그린티처스,서울 서초구,https://kr.indeed.com/viewjob?jk=cbe5ac42903964cc
사무직 경리회계 직원,지엘팜,수원 장안구,https://kr.indeed.com/viewjob?jk=e3837bd5159fc0b9
"세무, 회계 외 신입 정규직",None,서울 중구,https://kr.indeed.com/viewjob?jk=8188f5eb8fadfe55
회계사무실 직원 ~,세무법인동주,부산 동구,https://kr.indeed.com/viewjob?jk=898c9d2677106a40
2020년 제아시아문화원 기간제(대체인력),아시아문화원,광주광역시,https://kr.indeed.com/viewjob?jk=39eeaf207eab98c9
2017년도 제1회 공개채용,기상청,대한민국,https://kr.indeed.com/viewjob?jk=9ecffabfdaf0cb32
"2020년 상반기 행정직(전산, 경영, 통계) 신규",축산물품질평가원,세종특별자치시,https://kr.indeed.com/viewjob?jk=67c8ee0655688925
청천동단순보조 여자 아르바이트,케이지옵틱스,인천 부평구,https://kr.indeed.com/viewjob?jk=7a73219b4f20c32d
회계담당자,농업회사법인흙살림푸드,청주 청원구,https://kr.indeed.com/viewjob?jk=584a2c115fc5fb7a
사무관리직 직원,엠에이치케어,광주 광주시,https://kr.indeed.com/viewjob?jk=6059316bd45239de
세무사사무실 신입직원,세무사신철사무소,수원 팔달구,https://kr.indeed.com/viewjob?jk=a86bab7470ec1038
"[한성대입구역, 3일] 전산입력 아르바이트",비앤지컨설팅,서울,https://kr.indeed.com/viewjob?jk=fa296935bb776f07
주5일 유성온천역 3분거리 오전10:00~13:00까지 사무직,직구존,대전 유성구,https://kr.indeed.com/viewjob?jk=e1c1ad0cc0e3128c
인사총무 / 재무회계 사원,두림에프에이,경기도 화성,https://kr.indeed.com/viewjob?jk=96f3cf18805cb8cb
2020년 상반기 체험형 인턴,한국기초과학지원연구원,서울특별시,https://kr.indeed.com/viewjob?jk=630bdc0a2f2c61af
회계사무원,코아띠,광주 동구,https://kr.indeed.com/viewjob?jk=3bae49f94b6344ef
성실한 세무회계 사무소 세무회계사무원(단기계약직),None,천안 동남구,https://kr.indeed.com/viewjob?jk=53652a829dd41a51
[한국지식재산보호원] 2020년 제인력,한국지식재산보호원,서울특별시,https://kr.indeed.com/viewjob?jk=39a91a98460535c7
사무보조 정규직,와이아이휴먼컴퍼니,서울 영등포구,https://kr.indeed.com/viewjob?jk=11006922889dede3
상담실장님,광주미래학원,광주 광주시,https://kr.indeed.com/viewjob?jk=35b84102110f9f4c
"경리,회계 사무원",환타스틱스,경상북도 경산,https://kr.indeed.com/viewjob?jk=861b5d3232cc9df7
"(일본계 대부업체)정규직 회계,인사,총무 포지션 신입/경력",커리어파크(Career Park),서울 강남구,https://kr.indeed.com/viewjob?jk=0220a49d9ac64602
홍성군산림조합 직원[계약직],홍성군산림조합,충청남도 홍성,https://kr.indeed.com/viewjob?jk=b0a74895fe4635e2
월1000이상대우푸르지오 모델하우스 상담직,푸르지오,서울 영등포구,https://kr.indeed.com/viewjob?jk=7c81cd1b45d3314d
"회계관리, 장부관리 경력자",아이앤지산업,충청북도 옥천,https://kr.indeed.com/viewjob?jk=52bffece4c2e9a3e
관리직 신입/경력 정규직,러셀,울산 남구,https://kr.indeed.com/viewjob?jk=e14e9dcfb83d77bb
경력직 (펀드회계팀),한화자산운용,서울 영등포구,https://kr.indeed.com/viewjob?jk=1a0917161f1457a2
건설업 경력직 경리 및 회계 담당자 찾습니다.,LH방재,경기도 군포,https://kr.indeed.com/viewjob?jk=3610c1f7250b1a8c
세무회계 사무소 직원(경력직),None,광주 북구,https://kr.indeed.com/viewjob?jk=218a4e9f1528cc4c
김포외국어고등학교 교육공무직원 (행정실무사),김포외국어고등학교,경기도 김포,https://kr.indeed.com/viewjob?jk=24b191312673c479
심혜정세무회계사무소 신입사원,None,울산 남구,https://kr.indeed.com/viewjob?jk=8acfb419737e3367
2020년 백두대간보전부 산림생물자원조사실 기간제 근로자 (2차),한국수목원관리원,경상북도,https://kr.indeed.com/viewjob?jk=bd5deccd03d97f4a
회계 부분 경력 정규직,태영푸드서비스,부산 사상구,https://kr.indeed.com/viewjob?jk=a5c940ac29235835
[서구 치평동/ 주5일] 분양 사무회계 직원,휴먼리소스,광주 남구,https://kr.indeed.com/viewjob?jk=95f1636d5fb573b3
"세무, 회계 신입/경력 정규직",세무법인민화,서울 송파구,https://kr.indeed.com/viewjob?jk=f3a72dd3b823a47b
월1000 이상/소득증빙가능부동산말고는 돈벌곳이 없다,태신D&C,서울 관악구,https://kr.indeed.com/viewjob?jk=b4db28f7586613ea
[여의도 우인회계법인] 기장 경력직 직원,None,서울 영등포구,https://kr.indeed.com/viewjob?jk=5801be7d8eeb507a
펀드회계 및 재무담당 정규직 [부동산 투자운용사],피플렙,서울 중구,https://kr.indeed.com/viewjob?jk=ce6529c88b84c47b
경리 회계,청호시스템,광주 광산구,https://kr.indeed.com/viewjob?jk=4c5a27c623bfe885
재무회계팀 (단기 파트타이머)_기간연장,신한비엔피파리바자산운용,대한민국,https://kr.indeed.com/viewjob?jk=7cc6adc3f92ff7fd
현대로템 경력사원 (~5/15),현대로템,경기도 의왕,https://kr.indeed.com/viewjob?jk=4cd0d3f637fc270a
사무실 직원 성실하신분,농업회사법인영일,경기도 양주,https://kr.indeed.com/viewjob?jk=1c358ea964f7609d
[새한인텍(주)] 수질기사 자격증 보유 여직원,새한인텍,경기도 광명,https://kr.indeed.com/viewjob?jk=7eb79a8a24685ae6
학원 데스크 알바,더원영어어학원,경상북도 경산,https://kr.indeed.com/viewjob?jk=c1dd23c725d3f290
"(주) 씨엠파크 CMPARK 회계직원 (신입,경력)",씨엠파크,광주 광주시,https://kr.indeed.com/viewjob?jk=4074d40b351376fe
{최고대우} 전남/여수 헤어디자이너/헤어 인턴 / 사무직 직원,박지민스타일에비뉴,전라남도 여수,https://kr.indeed.com/viewjob?jk=ffb57f9791cc2be7
[월화수 일]사무 응대 회계 데스크직원,아크영어학원,서울 강남구,https://kr.indeed.com/viewjob?jk=9a4ace4f678445f2
한국수목원관리원 2020년 제2차 신규직원,한국수목원관리원,경상북도 봉화,https://kr.indeed.com/viewjob?jk=a49dda21dc0f0ba1
회계사무실 직원,None,부산 동구,https://kr.indeed.com/viewjob?jk=d82617553e48826d
"장례행사도우미 및 관리자 ,알바가능",더리본,인천 연수구,https://kr.indeed.com/viewjob?jk=f9d198dfab26d1b5
2020년 상반기 직원,한국사회복지협의회,서울특별시,https://kr.indeed.com/viewjob?jk=e8e62ed194a3c9a7
"사무,회계,경리,기타관리 성실한직원",와이,대전,https://kr.indeed.com/viewjob?jk=5652e0f2d0e90390
"사무,세무회계,경리,기타관리 성실한직원",tune,대전 중구,https://kr.indeed.com/viewjob?jk=54eb7c4a303a0930
"화학제품(케미칼) 영업, 물류(영업관리), 회계/세무 신입 및 경력사원",티엘홀딩스,서울 마포구,https://kr.indeed.com/viewjob?jk=7778c4ae7f770870
2020년 남천천신협 상반기 공채 신규직원,남천천신용협동조합,부산 수영구,https://kr.indeed.com/viewjob?jk=0490ba0f59c6c917
회계사무소 경력사원,세무법인 태림,부산 동구,https://kr.indeed.com/viewjob?jk=2083ac0876d4276a
세무회계사무실 경력직원 (회계사무원),세무법인한맥,수원 영통구,https://kr.indeed.com/viewjob?jk=8f8337b4c5c2ff55
경리/회계 담당자,하림엔지니어링,경기도 하남,https://kr.indeed.com/viewjob?jk=c36d3ceb67cc49ea
사무직여직원,부림중공업,전라남도 순천,https://kr.indeed.com/viewjob?jk=230df6861394a3ac
[건설그룹 태건] 경영지원본부 (재무/회계팀) 신입 및 경력,태건종합건설,서울 강남구,https://kr.indeed.com/viewjob?jk=98d62ef1b264dc0f
세무회계사무소 회계직원 (단기 근무),세무사이창석사무소,서울 서초구,https://kr.indeed.com/viewjob?jk=6ed15a7454aabddc
회계사무실 함께 일할 직원 찾습니다.,None,울산 남구,https://kr.indeed.com/viewjob?jk=7f3dc8f43489ddf9
투에스 경리회계담당자,투에스종합개발,수원 권선구,https://kr.indeed.com/viewjob?jk=a1e539a662da379c
2020 관광-항공 협력 외래관광객 유치 활성화 사업,한국관광공사,대구,https://kr.indeed.com/viewjob?jk=1c004db8a2a0578c
건물 관리단 관리운영,유스페이스관리단,성남 분당구,https://kr.indeed.com/viewjob?jk=833be4fed87ece1b
일반직원,명지전문대학,서울 서대문구,https://kr.indeed.com/viewjob?jk=dd58cb33ae1f4a54
투에스 경리회계담당자,마이홀딩스,수원 권선구,https://kr.indeed.com/viewjob?jk=a0eec69b5eab5e29
계명대학교 동산병원 2020년 5월 계약직원 상시,계명대학교 동산의료원,대구 달서구,https://kr.indeed.com/viewjob?jk=ac90f472b81f48cc
경리 사무직 시간좋습니다,농업회사법인거북이농산,경상북도 칠곡,https://kr.indeed.com/viewjob?jk=ea5e5e7fc57427dd
[세무회계] 대졸신입 수시,한국항공우주산업,경상남도 사천,https://kr.indeed.com/viewjob?jk=79cab5b0b8df1f86
한국환경공단 변호사 및 공인회계사,한국환경공단,대한민국,https://kr.indeed.com/viewjob?jk=88ec8080bf6340f0
"회계, 총무",메디코디,성남 수정구,https://kr.indeed.com/viewjob?jk=8b9f3aa9602f8d0f
사무보조 직원,엔스타,서울,https://kr.indeed.com/viewjob?jk=64f060d4f4aa7073
"세무, 회계 외 경력 정규직",세무법인 정진,서울 용산구,https://kr.indeed.com/viewjob?jk=1848276438772a5d
CJ ENM E&M부문 콘텐츠운영지원/방송제작지원 직군(고졸이상) 신입사원,CJ ENM,서울,https://kr.indeed.com/viewjob?jk=b36bab0817fdfaa6
"법률사무원 신입/경력 인턴, 알바",법률사무소 정연,경기도 의정부,https://kr.indeed.com/viewjob?jk=dd3c4009ad774c47
회계 관리 및 사무보조 (경력),삼현기업,경상남도 사천,https://kr.indeed.com/viewjob?jk=c8cb03393df1e877
"인사과, 사무과 정직원 (신입, 경력 무관)",에스지컴퍼니,경기도 부천,https://kr.indeed.com/viewjob?jk=8b143479aa67673c
자금 회계 결산 경력자 정규직,대유스틸,경기도 이천,https://kr.indeed.com/viewjob?jk=55a8e82f4e441c97
한림대학교 특수대학원(글로벌협력대학원) 겸임교수(비전임) (~5.17),한림대학교,강원도 춘천,https://kr.indeed.com/viewjob?jk=0640bd0fdc967d27
"회계,관리직원",정금산업,경상북도 고령,https://kr.indeed.com/viewjob?jk=9029e8e6573ffd00
"[경영지원팀] 경리, 회계 담당자 (경력직)",아큐시스템,충청남도 아산,https://kr.indeed.com/viewjob?jk=2719d024afa38b92
2020년 상반기 제주국제자유도시개발센터 기간제 근로자,제주국제자유도시개발센터,제주도 제주,https://kr.indeed.com/viewjob?jk=76066ce7440c1bf8
"세무, 회계 외 신입/경력 정규직",세무그룹세담,인천 연수구,https://kr.indeed.com/viewjob?jk=742fafd8d4587c89
세무회계사무소 신입,None,울산 남구,https://kr.indeed.com/viewjob?jk=730849354b8984c6
NICE 홀딩스 2020년 수시,나이스 그룹,서울,https://kr.indeed.com/viewjob?jk=2adf903729a93bc8
"오전10시~오후4시 근무, 더존 가능 회계 담당직원",헌터코리아,서울 마포구,https://kr.indeed.com/viewjob?jk=bfee7771b7554c82
"[경리여직원, 유경험자] KCC창호 [태양창호]",태양창호,경기도 남양주,https://kr.indeed.com/viewjob?jk=a543c8f656fd9860
2020년 제2차 신규직원 공개,한국수목원관리원,경상북도,https://kr.indeed.com/viewjob?jk=3ac36ef7b075d3fa
업무직 신입사원 공개,키움증권,서울 영등포구,https://kr.indeed.com/viewjob?jk=69ff01c1cb0970ce
"회계,경리업무 사무관리자",대선물산,전라북도 군산,https://kr.indeed.com/viewjob?jk=6de274364ef88d6d
찬모및 설거지 경험자0명,행복함바식당,경기도 하남,https://kr.indeed.com/viewjob?jk=419bc83846d4a77b
경리 회계 및 관리업무,청원산업,청주 서원구,https://kr.indeed.com/viewjob?jk=bf5d939f84970369
(인원 변경)2020년도 일반직 6급 직원(블라인드),한국공정거래조정원,서울특별시,https://kr.indeed.com/viewjob?jk=511dc05d1d129a21
(신입) 2020년 상반기 호반그룹 공개,호반건설,대한민국,https://kr.indeed.com/viewjob?jk=9e67ea60cf7edb5c
[ 인사팀 외 간단한 사무보조 사무직 ],더원랜드,대한민국,https://kr.indeed.com/viewjob?jk=054e21198cc37d3e
재단법인 서울디지털재단 정규직 직원 2차,서울특별시,대한민국,https://kr.indeed.com/viewjob?jk=c0cd0fe2110cc7cf
[유신단열(주)] 품질사무(여) 월190만 엑셀워드가능자 / 생산직 남,유신단열,경상남도 양산,https://kr.indeed.com/viewjob?jk=e3a04f078483dca2
경리 회계 직원,대원산업,경상남도 진주,https://kr.indeed.com/viewjob?jk=ae683e7fc5ca0e2c
"경리, 회계 외 경력 정규직",나노이닉스,경기도 군포,https://kr.indeed.com/viewjob?jk=0e2a44671bc5e35a
세무 회계 경력직,온종일복지센타,대구 중구,https://kr.indeed.com/viewjob?jk=11d55fd64cd2638c
세무회계 전문가로 함께 성장할 인재,None,부산 사상구,https://kr.indeed.com/viewjob?jk=377dfe9adfa8c88f
2020년도 일반직 6급 직원 공개 (2차),한국공정거래조정원,서울 중구,https://kr.indeed.com/viewjob?jk=6f56e4ac559e608a
[자동차부품] 회계 분야 계약직,모트렉스,성남 분당구,https://kr.indeed.com/viewjob?jk=7b69085f39ab6266
리스크/내부통제 관리부 업무지원 인턴,Siemens AG,서울,https://kr.indeed.com/viewjob?jk=af9fdac358b75195
[신도림역근무]주5일 고객관리 사무직원,KM디엔씨,대한민국,https://kr.indeed.com/viewjob?jk=cb44d0085f618613
"일반 회계,경리 사무원 정규직",전국공무원상조서비스,서울 마포구,https://kr.indeed.com/viewjob?jk=4bfb6e9e219052a0
회계사무실 신입및 경력직원,None,울산 남구,https://kr.indeed.com/viewjob?jk=9633630a3945ba5f
2020년 4차 위촉직 직원,한국조세재정연구원,세종특별자치시,https://kr.indeed.com/viewjob?jk=a187f6f78d572886
회계및세무업무 경력직 (대리급-5년이상),신동양기업,대구 서구,https://kr.indeed.com/viewjob?jk=ebedff540b4ba4ca
어린이집 회계/세무/노무 상담 사원,키즈홈,대전 중구,https://kr.indeed.com/viewjob?jk=5ff8ba99c827fd0b
[에너지투자관리회사] 재무회계 담당,FN executive search,서울,https://kr.indeed.com/viewjob?jk=7a0cb711e36a634b
2020년도 사립학교교직원연금공단 신입 및 경력직,사립학교교직원연금공단,서울,https://kr.indeed.com/viewjob?jk=0382aa9532277a6e
경리 회계직,에프에프캠핑카,경상북도 칠곡,https://kr.indeed.com/viewjob?jk=b38a288fef032df3
월210/주5일/사무보조 직원,엔스타,서울,https://kr.indeed.com/viewjob?jk=ae00f85c517dbaf2
[창원]한양세무회계사무소에서 세무경력직분 최소1년이상),None,창원 의창구,https://kr.indeed.com/viewjob?jk=1b46cf19cb5d2743
"(주)대야상사 경리, 회계 정규직",대야상사,광주 광주시,https://kr.indeed.com/viewjob?jk=3f6a84a9d0ba5f01
서울시설공단 일반직 및 특정직,서울특별시,대한민국,https://kr.indeed.com/viewjob?jk=79bda28887a078c9
서울디자인재단 직원,서울특별시,대한민국,https://kr.indeed.com/viewjob?jk=a1218652818ff361
BNB모빌 간단한서류.회계.보조업무,비엔비(BNB)이벤트,경기도 화성,https://kr.indeed.com/viewjob?jk=4abeced08e4a4130
경리 회계 인사 총무 시간제근로자 (),디오컴퍼니,서울 강남구,https://kr.indeed.com/viewjob?jk=517bebd1971ff34f
[연2500만/주5일/정규직전환/기숙사/신입]IT통합서비스 PC유지보수,엠제이코리아,충청남도 서산,https://kr.indeed.com/viewjob?jk=d294d327ad60ea2b
회계사무원,제이티텍스,서울 종로구,https://kr.indeed.com/viewjob?jk=28de7bfbd3fdc725
총무부(회계 / 재무업무) 경력직,그린올,천안 동남구,https://kr.indeed.com/viewjob?jk=88cc50d48bffb96f
"스포츠센터 안내데스크 여직원[주5일 워드,엑셀가능자]",고덕사회체육센터,서울 강동구,https://kr.indeed.com/viewjob?jk=346ff775c7d0731b
"세무, 회계 외 경력 정규직",None,서울 서초구,https://kr.indeed.com/viewjob?jk=b9248e639980d5aa
회계관리 및 입찰업무 담당자,에이앤티플러스,서울 성동구,https://kr.indeed.com/viewjob?jk=4b0938ebe2813f81
패스트몰(식품쇼핑몰) 사무 보조원,지윤(패스트몰),인천 서구,https://kr.indeed.com/viewjob?jk=ef6121cc17695b83
대경회계법인 경력직원,None,대구 중구,https://kr.indeed.com/viewjob?jk=41300e28f7d44e54
대교회계법인 경력직원 3년차이상,None,수원 영통구,https://kr.indeed.com/viewjob?jk=267be3db37dcfb1b
[고양시 여성창업지원센터] 창업매니저,고양시 여성창업지원센터,고양 일산서구,https://kr.indeed.com/viewjob?jk=96ab928638667e4d
사업운영지원 서무직원,대동코리아,전라북도 완주,https://kr.indeed.com/viewjob?jk=a4d2e7e0655589f9
경리 회계 사무원직 성실하게 수행하실 분,하나퍼시픽,광주 광주시,https://kr.indeed.com/viewjob?jk=4234ad98de547ad4
"당사와 함께 할 회계, 관리 인재",엑시스센시티브,경기도 화성,https://kr.indeed.com/viewjob?jk=becd9284c585c2eb
사무보조,씨제이I&D,경기도 부천,https://kr.indeed.com/viewjob?jk=fd8a7838a967d55c
(정년없는 관리자 )더리본주식회사에서 관리자로 함께 할 분 찾습니다(신입 가능),더리본,서울 서초구,https://kr.indeed.com/viewjob?jk=5780e7a218c436b4
"(주)사이카페와 함께할 재무,회계 인재",사이카페천안,천안 서북구,https://kr.indeed.com/viewjob?jk=1c5ff34f8eaee33a
"법무, 회계 경력 계약직",에스디에이,인천 남동구,https://kr.indeed.com/viewjob?jk=3dfdd59ed53702f8
기존고객관리 매니져,바이온텍,강원도 춘천,https://kr.indeed.com/viewjob?jk=4ccdc48429b629ae
"세무, 회계 외 신입 정규직, 프리랜서",삼정코리아,대구 북구,https://kr.indeed.com/viewjob?jk=6b83a2bf9095f6b5
[지엠네트웍스] 노무/회계 담당 (기간 : 4/17),지엠네트웍스,부산 남구,https://kr.indeed.com/viewjob?jk=1ad228d5a9a328f7
함께 근무할 경리회계 총무 사무직 근로자,한스바이오텍,충청남도 논산,https://kr.indeed.com/viewjob?jk=9ff363e5d16f7b95
사람이 원동력인 회사에서 준비된 인재,태신D&C,서울 강북구,https://kr.indeed.com/viewjob?jk=46b4d64d53479e33
인구보건복지협회 인천지회 정규직 일반행정 직원,인구보건복지협회,인천 남동구,https://kr.indeed.com/viewjob?jk=d2518186c7f2546a
세무회계 신규직원,None,서울 용산구,https://kr.indeed.com/viewjob?jk=4d313165e766b8ef
한국장학재단 2020년형인턴 및 경력직,한국장학재단,대구광역시,https://kr.indeed.com/viewjob?jk=049b481ce5094c1e
총무 회계 담당,신영이노텍,천안 동남구,https://kr.indeed.com/viewjob?jk=3e975e704fc6f719
종합소득세 신고대행 세무/회계직,세무법인백현 강남지점,서울 강남구,https://kr.indeed.com/viewjob?jk=4bc559cd3910e3c3
Customer Service Rep,Sensata Technologies,경기도,https://kr.indeed.com/viewjob?jk=b350146f789be998
2020년 상반기 일진그룹 재무팀 신입/경력,일진그룹,서울 마포구,https://kr.indeed.com/viewjob?jk=3ffaa85332209a6f
"회계, 인사, 총무 경력직",한불,성남 분당구,https://kr.indeed.com/viewjob?jk=8b76a4da89e287bb
의약품 도매 경리업무(경험자 우선),(유)알파메디팜,대구,https://kr.indeed.com/viewjob?jk=871f2a87ba63e2fc
재무 회계 정규직 경력,대유스틸,경기도 이천,https://kr.indeed.com/viewjob?jk=a8984abcc355dc5f
[파트타임가능] 근태관리 및 사무보조 경력 여사원,서창동/사무보조/경력자,인천 남동구,https://kr.indeed.com/viewjob?jk=189e70d900f452de
"경리,회계,노무,경영지원,4대보험,더존",플러스테크,서울 도봉구,https://kr.indeed.com/viewjob?jk=569c720850ec9109
회계경리(경제청년부흥프로젝트),도리촌영농조합법인,경상남도 함양,https://kr.indeed.com/viewjob?jk=01b9997c08d4d5ce
전략컨설턴트,캡스톤브릿지,서울 서초구,https://kr.indeed.com/viewjob?jk=bc0d054d8a82a193
"일반사무, 사무보조 신입/경력 정규직",사랑나눔행복한동행,경기도 파주,https://kr.indeed.com/viewjob?jk=394f0f3f06c97ac2
회계강사,한빛정보직업전문학교,대구 달성군,https://kr.indeed.com/viewjob?jk=9b484b4aaa27bf52
3년이상 경력사원 (세무사 사무실 회계사무원),None,서울 영등포구,https://kr.indeed.com/viewjob?jk=fbd8fcb172fb9e6e
세무법인 신입 직원,세무법인이음,수원 영통구,https://kr.indeed.com/viewjob?jk=63b19af877599fd2
관리부 직원,길성이,청주 청원구,https://kr.indeed.com/viewjob?jk=9ae402d7f98a6594
"회계,물류 결산담당자(제조업)",비투비디지털,서울 영등포구,https://kr.indeed.com/viewjob?jk=953bcd276091d232
2020 대원제약 상반기 공채 (신입/경력),대원제약,서울,https://kr.indeed.com/viewjob?jk=6af58c5c0f04c407
"법인 중심 기장, 세무회계 5년 이상 직원",None,서울 송파구,https://kr.indeed.com/viewjob?jk=8dfa036c44260ed8
[정규직] 경리/회계 담당자,알파디앤티,서울 서초구,https://kr.indeed.com/viewjob?jk=2fb2c9dc21279ff9
세무회계 같이 일하실분,한국세무법인,서울 송파구,https://kr.indeed.com/viewjob?jk=455251124c62c37f
2020년도 일반직 6급 직원 2차 공개(블라인드 ),한국공정거래조정원,서울,https://kr.indeed.com/viewjob?jk=6f9809e995aac9c1
"사무 담당자 . (서류관리, 문서작성 등/ 월197만)",더블디미디어,경기도 광명,https://kr.indeed.com/viewjob?jk=8083183cf647a7c5
경리 회계 사원,예디가구,광주 광주시,https://kr.indeed.com/viewjob?jk=3ace746776dc5c28
'남부권 관광개발 기본구상 수립 연구' 위촉직원,한국문화관광연구원,서울,https://kr.indeed.com/viewjob?jk=d992dfe1f40757cb
태인그룹 2020년 상반기 공개[칼퇴근/중식제공/월240이상],태인그룹,서울,https://kr.indeed.com/viewjob?jk=f3d214463dd61213
세무법인정암 진주지점 회계사무원 (기간제),세무법인정암,경상남도 진주,https://kr.indeed.com/viewjob?jk=0152852830add1a4
공산품 재고관리 및 출고지원,기리유통,제주 제주시,https://kr.indeed.com/viewjob?jk=fb1083532151fdc4
"(주)윙윙애드 관리부_회계,경리 담당 인원(1) 남녀무관 열정 신입환영",윙윙애드,경기도 포천,https://kr.indeed.com/viewjob?jk=ab9c5b9f139f23a6
"경리, 회계 업무 신입",가나개발,경기도 화성,https://kr.indeed.com/viewjob?jk=f6fde744630d13d6
2020년 해병대 일반군무원 시험 시행계획,해군본부,서울,https://kr.indeed.com/viewjob?jk=33b01821ab48ff4e
세무회계사무소 직원,세무사현정환사무소,청주 서원구,https://kr.indeed.com/viewjob?jk=707f2c9cd9f38948
[SH공사] 세무회계 전문가,서울특별시,대한민국,https://kr.indeed.com/viewjob?jk=3716d18371168561
[본사 정직원 ]경리 사무/회계업무 담당자,다원코리아,서울 영등포구,https://kr.indeed.com/viewjob?jk=f04298373a1b4145
세무회계사무소에서 같이 일하실 분,None,청주 상당구,https://kr.indeed.com/viewjob?jk=d716311267fd71ff
복합기 등 사무기기 기술서비스직/회계 및 영업사원,아임아이티프라자,광주광역시,https://kr.indeed.com/viewjob?jk=c76538e55abbc831
세무회계 경력 정규직 (동종업계 최고 대우),세무법인 이안컨설팅,서울 금천구,https://kr.indeed.com/viewjob?jk=e386eaa2ab466b18
2018년도 한국기상산업기술원 제3회 공개채용,기상청,대한민국,https://kr.indeed.com/viewjob?jk=1bd4f6bd10534336
전문계약직(공인회계사),한국농어촌공사,전라남도,https://kr.indeed.com/viewjob?jk=71509594794480d0
"전산회계, 세무 외 신입/경력 계약직",한국LPG산업협회,서울 송파구,https://kr.indeed.com/viewjob?jk=2236020539881a3b
"남,녀 수금직원 (초보자가능)",바로캐피탈,성남 분당구,https://kr.indeed.com/viewjob?jk=1bd355eb87668a71
유전자 검사 및 줄기세포영업 (매일방문할곳제공),Kcell 바이오텍,대구 중구,https://kr.indeed.com/viewjob?jk=4373a2237cc68d8b
2020년 한국해양수산개발원 제사업무기직 사무직 신규,한국해양수산개발원,부산광역시,https://kr.indeed.com/viewjob?jk=1ba899797b987aa2
[월급220만] 사무부 신입,케이비건설,서울 서초구,https://kr.indeed.com/viewjob?jk=a36155735a1627e9
광역새일센터 창업상담사(무기계약직) 공개,인천여성가족재단,인천 부평구,https://kr.indeed.com/viewjob?jk=108eb1585fb97fc2
회계 경력 정규직,윈앤윈우드,서울 송파구,https://kr.indeed.com/viewjob?jk=5a8a9c9603a2ec3e
2020년 상반기 경영지원 경력사원,터줌,인천 연수구,https://kr.indeed.com/viewjob?jk=677e1d27085f5ece
재무/회계 시간제 직원,대흥섬유,경기도 양주,https://kr.indeed.com/viewjob?jk=283f5d4e0b92536a
경기도교육연구원 관리직원[계약직(휴직대체)],재단법인 경기도 교육연구원,수원 장안구,https://kr.indeed.com/viewjob?jk=2daf3fe9c60db2d0
경리.회계.사무(계약직),백웅,경기도 화성,https://kr.indeed.com/viewjob?jk=3490ee429056bec2
"법률사무원 (내근 / 외근 )신입/경력 정규직, 계약직",법률사무소 연주,울산 남구,https://kr.indeed.com/viewjob?jk=b8fe0b2040888f77
사무직 직원,대한산업개발,수원 팔달구,https://kr.indeed.com/viewjob?jk=d83e5bceb66deede
세무회계사무소직원,None,서울 성북구,https://kr.indeed.com/viewjob?jk=0560353d629ac291
CEO클리닉 컨설턴트 특별[CEO 상담 DB 무상제공],피플라이프,서울 동작구,https://kr.indeed.com/viewjob?jk=b96324d079b74efd
세무사 사무실 경력직 (서울/경기 세무회계사무소),None,서울 강서구,https://kr.indeed.com/viewjob?jk=950927087a41a162
TM아웃바운드 기본급인센 남녀무관,다온시스템,경기도 부천,https://kr.indeed.com/viewjob?jk=6d7458f6faca72e7
사무직,맛나푸드,충청남도 아산,https://kr.indeed.com/viewjob?jk=552208a15caa6781
회계 경력,러셀,청주 흥덕구,https://kr.indeed.com/viewjob?jk=4b5bc3bfbc0f3673
국일정공 경리&회계사무직,국일정공,인천,https://kr.indeed.com/viewjob?jk=6a6354897ef74f57
[측정분석팀 / 총무회계팀 정규직 ],푸른환경측정,안산 단원구,https://kr.indeed.com/viewjob?jk=48f35d42964f0bb6
하반기 서울주택도시공사 신입사원,서울특별시,대한민국,https://kr.indeed.com/viewjob?jk=a56e06610bcda8a7
[(/신입가능)] 경리 담당자 구인 - 중식제공/4대보험,YT빌더스,서울 송파구,https://kr.indeed.com/viewjob?jk=391d3f3a7683acf9
[해외취업] 중견회계법인 뉴저지지사 회계직무 인턴사원,사이다링크,대한민국,https://kr.indeed.com/viewjob?jk=2cdad7a3e6e1bc2e
(주)제이케이퍼니쳐 사무직0명/창고직원 0명 주5일근무/가구배송기사 0명 월500만이상,제이케이퍼니처,경기도 포천,https://kr.indeed.com/viewjob?jk=2d8ea796c54c8fc8
경리·회계 직원,진영엔지니어링,충청남도 아산,https://kr.indeed.com/viewjob?jk=fca414768d9d9e7b
2020년 제9차 경기도일자리재단 유기계약직 직원,재단법인 경기도일자리재단,경기도 부천,https://kr.indeed.com/viewjob?jk=7f4a80993543c335
"대전LPG충전소 사무,회계직원",대전엘피지충전소,대전 대덕구,https://kr.indeed.com/viewjob?jk=0369beaaa33c7816
법무사 오성용 사무소,법무사오성용사무소,서울 서초구,https://kr.indeed.com/viewjob?jk=915bdffc71191284
세무회계사무소 경력직원,세무법인광주,광주 서구,https://kr.indeed.com/viewjob?jk=5783187ead6bdc45
"인사총무및경리,회계사원",성일코리아,경기도 화성,https://kr.indeed.com/viewjob?jk=e4e834b9b7aea951
(코웨이)[평생직장]제품관리및필터교환업무/정착수당320만/상도동사당동,코웨이(서울상도)지국,서울 동작구,https://kr.indeed.com/viewjob?jk=99209a93f2fa2528
"사무관리원(수불,회계,쇼핑몰) 함께 일하분 찾습니다.",유진화스너,창원 의창구,https://kr.indeed.com/viewjob?jk=83021b73ad953f61
회계 사무직,영어조합법인숨비소리,제주 제주시,https://kr.indeed.com/viewjob?jk=6aa1a46857897629
(제조업) 재무회계 경력직원,에스피스틸(SP Steel),광주 광산구,https://kr.indeed.com/viewjob?jk=d6c375c45f6cfa5f
회계 사무원,신흥커플링,경기도 양주,https://kr.indeed.com/viewjob?jk=79753c485b8959d0
세무회계사무원 경력 사원,None,인천 남동구,https://kr.indeed.com/viewjob?jk=9cbf6ea1afe3dfd7
법인 간단 경리업무 및 세무회계 업무 직원 ^^,사단법인 한국골프티칭프로협회,포항 북구,https://kr.indeed.com/viewjob?jk=671fde6c7e21a802
"[KT공식대리점_광명사거리역점] 신입, 경력직원/ 점장",솔트네트워크,경기도 광명,https://kr.indeed.com/viewjob?jk=39f6bf3a8a45a9df
삼덕회계법인 기장직원,None,서울 종로구,https://kr.indeed.com/viewjob?jk=d1b6219bf6b4db86
"(재)전남복지재단 직원(연구직, 사무원, 연구보조원)",재단법인 전남복지재단,전라남도 무안,https://kr.indeed.com/viewjob?jk=4b032953389a0e41
[유명 회계법인] M&A 자문 관련업무 경력자 ( 2년 이상 / 10년 이하 ),바인컨설팅,대한민국,https://kr.indeed.com/viewjob?jk=a20a2164e6bd4664
경리회계 사무원,삼정산업,경기도 김포,https://kr.indeed.com/viewjob?jk=c3a7687f54f7c565
회계사무원(신입),세무법인해법,부산 사상구,https://kr.indeed.com/viewjob?jk=5768bb9d15e69d48
"경리, 회계, 사무직 (건설업,경력)",힐링홈스,경기도 파주,https://kr.indeed.com/viewjob?jk=ebdd914041ac5430
세무회계사무소 직원,None,서울 송파구,https://kr.indeed.com/viewjob?jk=8d21f2da22495c43
세무사사무실 회계사무원 정규직,세무법인 충무(김인규세무사사무소),인천 남동구,https://kr.indeed.com/viewjob?jk=ea192217705bf38d
세무회계 경력 정규직,세무법인솔,인천 동구,https://kr.indeed.com/viewjob?jk=02ed22cdcbd58c29
파나시 수시(경력),파나시,성남 중원구,https://kr.indeed.com/viewjob?jk=7ae7a0679d38592f
세무회계사무 직원 [회계사무원],세무법인 가람,안산 단원구,https://kr.indeed.com/viewjob?jk=bebff5d09fd32939
서무 행정인력,보고넷,충청남도 아산,https://kr.indeed.com/viewjob?jk=ac1a41059e0d4254
[삼정알엠씨(주)] 서초구 방배동 본사 회계 경리(경력),삼정알엠씨,서울 서초구,https://kr.indeed.com/viewjob?jk=b2dba16af1d87a9f
행정인턴(장애인 제한경쟁) (4차),한국보건사회연구원,세종특별자치시,https://kr.indeed.com/viewjob?jk=d1ad05940e2ad310
세무회계경리 직원,더리움건설,경기도 평택,https://kr.indeed.com/viewjob?jk=f7f1469a9220f738
"세무, 급여, 회계 및 기장 직원 신입/경력 정규직",None,서울 서초구,https://kr.indeed.com/viewjob?jk=92171f1170878476
한국보건사회연구원 행정인턴(장애인 제한경쟁),한국보건사회연구원,세종특별자치시,https://kr.indeed.com/viewjob?jk=3b862d89f77a0451
[인공지능 기업]머니브레인 2020년도 상반기 각 부문별,머니브레인,서울 강남구,https://kr.indeed.com/viewjob?jk=4909cad707640e8c
"세무, 회계 외 신입 정규직",None,서울 강남구,https://kr.indeed.com/viewjob?jk=3b577e2c94088ca7
한우리물산과 함께 할 분,한우리물산,광주 광주시,https://kr.indeed.com/viewjob?jk=46801d3573b0bd43
[나이스택스] 함께 할 신입 및 경력 회계사무직원,나이스택스,서울 영등포구,https://kr.indeed.com/viewjob?jk=e620950a771fe77a
에이피테크놀로지에서 회계분야 경력직,에이피테크놀로지,수원 영통구,https://kr.indeed.com/viewjob?jk=e0c5d895bb19627d
본사 정규직 (건축설계/재무회계),모아,광주광역시,https://kr.indeed.com/viewjob?jk=e83ab8752d5f43bb
단기간 함께할 직원,세무사조상호사무소,울산 남구,https://kr.indeed.com/viewjob?jk=630c3e724fb3509f
[외국계기업/6개월]김해진영본산공단 고객서비스부 회계경리/사무보조/전표입력,코리아휴먼리스오스,경상남도 김해,https://kr.indeed.com/viewjob?jk=cd1f6b9bfcf5bd0c
"세무, 회계 외 경력 정규직",세무법인 서정,광주광역시,https://kr.indeed.com/viewjob?jk=6a159f43780c1e1d
"경영지원(회계,재무,인사) 경력직(2년~3년)",아이로보,경기도 광명,https://kr.indeed.com/viewjob?jk=fd03cc8a8ccf9b00
투잡가능아르바이트 간단한 상담업무,인코스모,수원 팔달구,https://kr.indeed.com/viewjob?jk=c2c572735f0abe54
"경리(세무능하신분,PC가능자 09시~4시(협의)/운전가능남직원)",농수산물시장,수원 권선구,https://kr.indeed.com/viewjob?jk=e5f571a3a861c466
[가톨릭중앙의료원] 임상연구지원팀 계약직 사무직 모집,가톨릭대학교 카톨릭중앙의료원,대한민국,https://kr.indeed.com/viewjob?jk=1b0f8a7278481aa3
( 오 전 파 트 10시-2시 ) 첫달140만원 / 초보가능,롯데홈쇼핑 콜센터(내당역),대구 달서구,https://kr.indeed.com/viewjob?jk=3e661913c70dc6c3
회계 및 매장관리 희망,프라임,용인 수지구,https://kr.indeed.com/viewjob?jk=ba0aeb7fbfbcba82
(청담)예안심리상담코칭센터 ‘토요일’ 인포 데스크 근무자 알바,예안심리상담코칭센터,서울 강남구,https://kr.indeed.com/viewjob?jk=9e37bb46978c9936
관리부(회계) & 생산부(샌드위치 패널 생산라인 관리) 정규직,새롬패널산업,충청북도 보은,https://kr.indeed.com/viewjob?jk=fb83ce0ec3eace48
사무직 사원,마이크로,안산 단원구,https://kr.indeed.com/viewjob?jk=dfe3896a0e990df9
여직원/주부가능,행복건설,서울 강동구,https://kr.indeed.com/viewjob?jk=a535af680ee9fddd
[부산항보안공사]2020년 제2회 일반직 신규,부산항보안공사,부산 중앙동,https://kr.indeed.com/viewjob?jk=a7856d1a3d51b9f6
대졸 신입사원,효성그룹,대한민국,https://kr.indeed.com/viewjob?jk=a394f9f99aa1a56f
세무회계 경력 정규직,None,서울 용산구,https://kr.indeed.com/viewjob?jk=1e855feefc7ec58f
구매관리 신입 정규직,코리아인스트루먼트,경기도 화성,https://kr.indeed.com/viewjob?jk=3956e6c878670ee1
프리미엄 피트니스 클럽 피팅에잇 비서 실장님,"피팅에잇 동성로점, 범어점",대구 중구,https://kr.indeed.com/viewjob?jk=774967de2b1fc737
대기업 (코스피 상장사) 재무회계 대리과장급,인파트너스,서울,https://kr.indeed.com/viewjob?jk=c874104830cd5ec3
공증사무소 사무보조원,창원법무법인,창원 성산구,https://kr.indeed.com/viewjob?jk=d4b16c6408721296
학원관리 및 교육상담 행정,매스피아수학 & 정철국제어학원,수원 영통구,https://kr.indeed.com/viewjob?jk=5cd8326630ec7db9
주5일근무/사무보조/중식제공,제이더블유종합건설,서울 금천구,https://kr.indeed.com/viewjob?jk=a9fedf833be7389f
[KT공식대리점_오류동역점] 신입직원,솔트네트워크,서울 구로구,https://kr.indeed.com/viewjob?jk=42c2719fb90318d0
제4차 기간제근로자 공개,한국지질자원연구원,대전,https://kr.indeed.com/viewjob?jk=eaf874509411c9df
세무/회계사무직 사원,반도스틸,경기도 이천,https://kr.indeed.com/viewjob?jk=17ce9a6edca50ef1
"회계, 경리 외 경력 정규직, 알바",세무법인 새빛,용인 기흥구,https://kr.indeed.com/viewjob?jk=2fc473c6c4b0e38c
경리 회계 담당자,서영이앤지,안산 단원구,https://kr.indeed.com/viewjob?jk=ab701547c6c79307
BK 법인 비서 다양한 업무가 가능하신 가족분들,BKinvest,서울 강남구,https://kr.indeed.com/viewjob?jk=e26f7ec19d5a9909
[창원]한양세무회계사무소 세무경력직분 (최소1년이상),None,창원 의창구,https://kr.indeed.com/viewjob?jk=5628b9e87e6ca9da
2020년 부문별 경력사원 (4월),에이제이파크,서울 송파구,https://kr.indeed.com/viewjob?jk=707dac8e1bfb0545
"경력3년이상 세무,회계사무원",None,광주 북구,https://kr.indeed.com/viewjob?jk=d4b5d1f1ecc6d0ba
세무회계 사무소 직원,None,전주 덕진구,https://kr.indeed.com/viewjob?jk=8ea205a78278d37c
2020년 한국디자인진흥원 NCS기반 신입직원,한국디자인진흥원,경기도,https://kr.indeed.com/viewjob?jk=f42354cf217e1242
회계사무소 신입사원,None,전라남도 여수,https://kr.indeed.com/viewjob?jk=acb25a8c18fd57a1
[금융사] 애큐온캐피탈 여신실행 담당자,제이앤씨,서울 강남구,https://kr.indeed.com/viewjob?jk=c5af9a8df734464f
[주5일 근무/9-6] 사무직,DH플래닛,서울 구로구,https://kr.indeed.com/viewjob?jk=cbff9eed924e6bd7
정보통신정책연구원 계약직연구원,정보통신정책연구원,과천 과천시,https://kr.indeed.com/viewjob?jk=1a00652fb307ab4d
경리사무원,동양특수주강,청주 서원구,https://kr.indeed.com/viewjob?jk=c0718606d96685e1
남녀사무직원 초보및 경력자 가능 (주5일근무),신한전공,경기도 남양주,https://kr.indeed.com/viewjob?jk=881947de8adee8eb
[초보 및 경력자 모두가능]단순 재고관리 및 포장업무 여성가능,이투산업,인천 서구,https://kr.indeed.com/viewjob?jk=68664a63d2a9eda3
"재무회계/원가 경력직 (과장급, 제조업)",서울외대스카우트,서울 강남구,https://kr.indeed.com/viewjob?jk=054e1a94154caff2
회계관리팀,재단법인 한국나눔장학재단,대구 서구,https://kr.indeed.com/viewjob?jk=a26584ccafeb6067
"[판촉물/오픈마켓 등 온라인몰] 경리, 출납 외 경력 정규직",하나드림이엔티,경기도 남양주,https://kr.indeed.com/viewjob?jk=7f2ff2498975493a
회계팀 과장(법인세 세무조정 경력자) 초빙,에이치앤티어세스,서울 서초구,https://kr.indeed.com/viewjob?jk=36608a1a84085e48
한국건강가정진흥원 상반기 직원,한국건강가정진흥원,서울특별시,https://kr.indeed.com/viewjob?jk=37c2f5db1592250c
회계사무원(세무사무소),None,전주 완산구,https://kr.indeed.com/viewjob?jk=ace4e731f14e700e
"중국어,영어 무역사무직 경리",한덕초음파,충청남도 아산,https://kr.indeed.com/viewjob?jk=ced1112665681d73
경리/회계 관리직,삼일이노팩,경기도 화성,https://kr.indeed.com/viewjob?jk=6c5d8ef1681f6f41
"회계,경리사무원 전공자(신입)",고리,전라북도 정읍,https://kr.indeed.com/viewjob?jk=d71250a10b7e971e
감정평가 보조직원,태평양감정평가법인,창원 성산구,https://kr.indeed.com/viewjob?jk=871f587a8bddb192
2020년 팬오션(주) 신입/경력,팬오션,서울,https://kr.indeed.com/viewjob?jk=f9060fa2669bae9b
경영컨설팅사 지원팀 정규직 (신입/경력),캡스톤브릿지,서울 강남구,https://kr.indeed.com/viewjob?jk=1c11f86d82c1fdb5
경력직 회계사무 직원,None,수원 영통구,https://kr.indeed.com/viewjob?jk=14e2b5ac681fb3ed
회계사무원(세무·회계사무소),None,경상남도 진주,https://kr.indeed.com/viewjob?jk=8447a72de343dd6c
"세무, 회계 외 경력 알바",세무법인금진,부산 해운대구,https://kr.indeed.com/viewjob?jk=bf9c1957425c10e0
2020년 제3차 형·체험형 청년인턴 및 사무보조원,건설근로자공제회,서울,https://kr.indeed.com/viewjob?jk=50006a7f10713b16
경리 및 회계 사무업무,송죽화장품,경기도 김포,https://kr.indeed.com/viewjob?jk=76f3af9490f4f74f
경리회계 신입/경력 정규직,부흥공조,경기도 하남,https://kr.indeed.com/viewjob?jk=fb3e69be940309e2
"세무, 회계 외 신입/경력 정규직",아이이엠코퍼레이션,서울 서초구,https://kr.indeed.com/viewjob?jk=9d3868f5bee08d0a
"(주)아로마빌커피 회계, 경리 담당자",아로마빌커피,경기도 화성,https://kr.indeed.com/viewjob?jk=3f28016b0613c06d
[WOORI] 경리 사무/ 회계업무 담당자,우리솔루션,서울,https://kr.indeed.com/viewjob?jk=f782298dbaa2f956
2020년 5월 일용직(데이터 수집) 추가,한국소비자원,충청북도,https://kr.indeed.com/viewjob?jk=a9dbbe46545d005d
태원세무회계 직원,None,서울 금천구,https://kr.indeed.com/viewjob?jk=d402fd3f04f5e0d6
"국내 중견 제조업체 재무회계, 세무회계 경력 정규직",이노에이치알컨설팅,안산 단원구,https://kr.indeed.com/viewjob?jk=a0c8d5d76f6738ce
[인턴] RCS(Risk Consulting Services) 본부 Forensic(Investigation팀) 업무보조 인턴,삼정 KPMG,서울 강남구,https://kr.indeed.com/viewjob?jk=32d8db8a50a0c190
"(주)진성푸드 상반기 재무, 회계팀 팀장급 인재",진성푸드,충청북도 음성,https://kr.indeed.com/viewjob?jk=c7ffa2e6cf2b07a2
'국립민속박물관 세종시 확대 이전 건립 타당성 조사 및 기본계획 수립' 위촉직원,한국문화관광연구원,서울특별시,https://kr.indeed.com/viewjob?jk=a2959e7661a13f32
김재천세무회계사무소 신입,None,천안 서북구,https://kr.indeed.com/viewjob?jk=97a692ecd9a239e0
'제관광개발 기본계획 수립 연구' 위촉직원,한국문화관광연구원,서울특별시,https://kr.indeed.com/viewjob?jk=57cbad34bd4fcd63
세무회계사무소 사원,None,서울 송파구,https://kr.indeed.com/viewjob?jk=6e455cb4c45acbc4
경리 . 회계 직원 - 경력,삼일변압기,충청북도 음성,https://kr.indeed.com/viewjob?jk=036f8b9e8e382f06
"[KT공식대리점_개봉역점] 신입, 경력직원/ 점장",솔트네트워크,서울 구로구,https://kr.indeed.com/viewjob?jk=f972088adc3f9ac5
"[kt공식대리점_개봉역프라자점] 신입,경력직원",솔트네트워크,서울 구로구,https://kr.indeed.com/viewjob?jk=986cd0a2f283ad6d
진진세무회계사무소 1년이상 경력 사원,None,서울 서초구,https://kr.indeed.com/viewjob?jk=523636bc16bafbc3
"회계, 관리, 영업지원 경령직",금오송풍기계,경기도 군포,https://kr.indeed.com/viewjob?jk=bfe3851195258760
"본사(과천소재) - 경리, 회계 경력 직원",스타리치에이치알,과천 과천시,https://kr.indeed.com/viewjob?jk=2f0efdebad182dc1
경리 회계,동신,서울,https://kr.indeed.com/viewjob?jk=df647b570f667425
경리부 직원,호스114,인천 서구,https://kr.indeed.com/viewjob?jk=3890ef469f2c56c4
[연2600만/주5일/정규직전환/신입]IT외국계사 OA/IT유지보수,엠제이코리아,경상북도 영주,https://kr.indeed.com/viewjob?jk=840061fb06089edd
[동대문구] 전산세무회계 훈련생,동대문여성인력개발센터,서울 동대문구,https://kr.indeed.com/viewjob?jk=feedb301982098b8
[220만이상]운영지원부 & 총무부 & 경영지원부 신입,케이비건설,서울 서초구,https://kr.indeed.com/viewjob?jk=e30fb64fce23db23
사무직 (파트직),이엠엘,수원 영통구,https://kr.indeed.com/viewjob?jk=823fd84c2811cd08
"비서, 경영지원 외 신입/경력 정규직, 계약직",티에프제이글로벌,수원 영통구,https://kr.indeed.com/viewjob?jk=90dea64c817f56cf
종합소득세신고 단기근무 하실분,None,서울 중랑구,https://kr.indeed.com/viewjob?jk=e7faf6e81c74e598
회계사무소 경력사원,세무법인조은,창원 마산합포구,https://kr.indeed.com/viewjob?jk=48daca805becd8fc
[비서/대기업/의왕]현대로템 비서,비앤코리아,경기도 의왕,https://kr.indeed.com/viewjob?jk=768b577e2784c9d5
"경력5년이상 세무,회계사무원 (세무,회계사무소 경력만인정)",None,광주 북구,https://kr.indeed.com/viewjob?jk=2a26254175a4b5a7
회계사무원 경력자,None,수원 영통구,https://kr.indeed.com/viewjob?jk=ffdb3bb7dfeeee97
일반관리(회계/관리/노무/서무) 과장급 경력사원,반도가설산업,경기도 이천,https://kr.indeed.com/viewjob?jk=ce700e83edc575d5
서울특별시 청년공간 무중력지대 양천 성장지원 매니저(청년센터 운영),무중력지대양천,서울 양천구,https://kr.indeed.com/viewjob?jk=1f1c9d8c500ac20b
서귀포시문화도시센터 회계직,서귀포시문화도시센터,서귀포 서귀포시,https://kr.indeed.com/viewjob?jk=4a4a08d6bbace92f
[타사 경력자 우대] 인바운드 대출상담원(기본급인센) /자율적근무,한국으뜸론,광주 서구,https://kr.indeed.com/viewjob?jk=62cd6edb2dede952
서울특별시 도시재생지원센터 직원,서울특별시,대한민국,https://kr.indeed.com/viewjob?jk=337135b1aaa89f91
"회계, 경리 직원",푸른전기,광주 북구,https://kr.indeed.com/viewjob?jk=cab1937831bc2e2e
재무회계 담당자 (주니어),RIDI Corp,서울,https://kr.indeed.com/viewjob?jk=76a81925c25b7d12
서울시립대학교 대학회계직원(무기계약직),서울특별시,대한민국,https://kr.indeed.com/viewjob?jk=9b9f6998f6368412
산학협력단 직원(계약직) 공개채용 공고,경기대학교,대한민국,https://kr.indeed.com/viewjob?jk=5d1600c38fb4cf91
행정지원팀원,관악여성인력개발센터,서울 관악구,https://kr.indeed.com/viewjob?jk=29811b007692c889
세무회계사무실 경력직원,None,경기도 화성,https://kr.indeed.com/viewjob?jk=bb75f36049dbcfae
[9-6칼퇴보장]사무보조,제이더블유종합건설,서울 금천구,https://kr.indeed.com/viewjob?jk=6e7e6c669460ec3c
(주)한국항공조명 회계 및 기회 사무원,한국항공조명,전라남도 나주,https://kr.indeed.com/viewjob?jk=414d726b9cda346e
"연수직,기간제,기간제(장애인) 공개",한국원자력통제기술원,대전,https://kr.indeed.com/viewjob?jk=221e7def1a44827d
도미솔식품 2020년 상반기 경리 및 보조 관리 경력직,도미솔식품,경기도 파주,https://kr.indeed.com/viewjob?jk=dfa6ea2e443208e5
세무사사무실 직원,None,수원 권선구,https://kr.indeed.com/viewjob?jk=50e77942f30140c9
아이리스건설(주) 총무회계팀 직원분,아이리스건설,광주 서구,https://kr.indeed.com/viewjob?jk=899b7e951aef29b6
2020년도 한국시설안전공단 체험형 청년인턴,한국시설안전공단,경기도,https://kr.indeed.com/viewjob?jk=421d245866f3e520
법무 담당자,드림어스컴퍼니,서울 서초구,https://kr.indeed.com/viewjob?jk=03f1ca5b97857daa
"서울돈화문국악당(민간위탁시설) (마케팅, 회계)",서울특별시,대한민국,https://kr.indeed.com/viewjob?jk=98a6a41324ebc51a
회계사무원 경력직,현대에프엠,천안 서북구,https://kr.indeed.com/viewjob?jk=e256908534010b1a
회계직원/이메일 지원,티원트레이딩코리아,서울 평창동,https://kr.indeed.com/viewjob?jk=dff8c3deac1f1712
세무회계업무,에이티이엔지,충청남도 아산,https://kr.indeed.com/viewjob?jk=88467928ec078a90
2020년 체험형 청년인턴,한국사회복지협의회,서울특별시,https://kr.indeed.com/viewjob?jk=750fcb5180dcc11d
Internal Auditor (감사),토스 증권,서울 강남구,https://kr.indeed.com/viewjob?jk=ed1ea9c3c1643a85
중고차할부금융 여직원,퍼스트,대구 동구,https://kr.indeed.com/viewjob?jk=c3aac40a169ffd53
"[월급200~230]주5일근무, 사무직 하실 인재분 모셔요",이너스컴퍼니,경기도 부천,https://kr.indeed.com/viewjob?jk=56f62059f44dee10
"경리,회계사무(제조) -더존아이플러스 자체기장. 결산 가능자",대신상역,서울 금천구,https://kr.indeed.com/viewjob?jk=9aa10da9ba88e6ec
SH공사 인턴사원,서울특별시,대한민국,https://kr.indeed.com/viewjob?jk=c12d71645c78645a
서울특별시 소셜벤처허브센터 직원,서울특별시,대한민국,https://kr.indeed.com/viewjob?jk=8ec8a24196e4889b
"김치제조공장 담채원 회계,경리직원",담채원,충청남도 태안,https://kr.indeed.com/viewjob?jk=0d639ae28f58e6e9
[유명 회계법인] 품질 및 위험관리본부 보안 전문가,바인컨설팅,대한민국,https://kr.indeed.com/viewjob?jk=6a39c53cbb8e7984
[맛있저염] 셰프/조리사/영양사/경리 상반기 신입/경력,잇마플,성남 중원구,https://kr.indeed.com/viewjob?jk=c2b9ced0ec945541
회계사무원,다비육종,경기도 안성,https://kr.indeed.com/viewjob?jk=7cf5ca40d8333fb8
"회계,수불,4대보험,근태관리,총괄업무",농업회사법인더존에그,경상북도 김천,https://kr.indeed.com/viewjob?jk=2e4cd4e6096f7ba0
서울도시철도공사 신규직,서울특별시,대한민국,https://kr.indeed.com/viewjob?jk=af86cf7841201aad
"알프스 푸드마켓 사무, 회계사무원",명품하동녹차사업단,경상남도 하동,https://kr.indeed.com/viewjob?jk=deaa2469697f4159
"회계, 세무 외 신입/경력 정규직",세양종합중기,경기도 구리,https://kr.indeed.com/viewjob?jk=14031f5cca6def18
재무회계 경력직,우리스틸,전라남도 장성,https://kr.indeed.com/viewjob?jk=b71b54cde3b963c4
통근버스 업체에서 배차관리 및 영업보조,성화투어,경기도,https://kr.indeed.com/viewjob?jk=cf9bdb38aedefb2f
회계업무 경력자,미래인더스트리,경상남도 함안,https://kr.indeed.com/viewjob?jk=f14cf66d6b2f7315
종합소득세 신고대리 알바,세무법인 솔 송도지사,인천,https://kr.indeed.com/viewjob?jk=9223ccd473d15a7d
[연2600만/주5일/정규직전환/마곡/신입]IT통합서비스사 PC유지보수,엠제이코리아,서울 강서구,https://kr.indeed.com/viewjob?jk=d997ee3e5a7d1d4b
회계사무소 경력사원,None,전라남도 여수,https://kr.indeed.com/viewjob?jk=af2ec4f7701613a8
형 인턴,한국마사회,과천 과천시,https://kr.indeed.com/viewjob?jk=6376b13a54d94c38
[]총무회계실무자,창원청과시장,창원 의창구,https://kr.indeed.com/viewjob?jk=88bf7059a3aebe7e
"한국형수치예보모델개발사업단 2016년도 제4회 직원(연구원, 업무보조원) 공개채용",기상청,대한민국,https://kr.indeed.com/viewjob?jk=9e5c8ca2fc98d1c5
(주)티엠이엔지 회계(경리) 경력직,티엠이엔지,경기도 김포,https://kr.indeed.com/viewjob?jk=db1f39431d87a8bc
화해 재무회계팀 팀장급,버드뷰,서울 마포구,https://kr.indeed.com/viewjob?jk=78fc5b4e7c604053
미용재료(헤어 외) 온/오프라인 영업사원 (신입/경력) / 회계경리 정규직 사원,예동,고양 덕양구,https://kr.indeed.com/viewjob?jk=71f4859b80ff56e6
(주)골프존카운티 경력채용 - 재무/세무회계,골프존카운티,대전,https://kr.indeed.com/viewjob?jk=afda2369a445e223
[AJ네트웍스] 2020년 4월 지주부문 IR담당 경력,AJ,서울 송파구,https://kr.indeed.com/viewjob?jk=5df3c0ee30b700ea
신한AI 인공지능(AI) / IT 개발관리 / 준법감시 인력,신한에이아이,서울 영등포구,https://kr.indeed.com/viewjob?jk=e7c6a0167c5bbbf4
식품회사 세무회계 경력사원,떡안애,충청북도 음성,https://kr.indeed.com/viewjob?jk=e1b98af246515d2d
"재무회계, IPO 경력 정규직",레메디,서울 영등포구,https://kr.indeed.com/viewjob?jk=04203eb749e70481
서울시설공단 일반직,서울특별시,대한민국,https://kr.indeed.com/viewjob?jk=750cf1f2605eb131
회계사무원,세무사송태영사무소,경기도 부천,https://kr.indeed.com/viewjob?jk=6e6eb6d16714b021
2020년 어라운드 기획/경영팀,어라운드,대전 동구,https://kr.indeed.com/viewjob?jk=5607597f9df53b2f
2020년 체험형 청년인턴,서울올림픽기념국민체육진흥공단,서울특별시,https://kr.indeed.com/viewjob?jk=1a51e9033be0fba1
(재)전라남도정보문화산업진흥원 직원,전라남도정보문화산업진흥원,전라남도 무안,https://kr.indeed.com/viewjob?jk=fb6f92bb7efb6070
회계및경리관련 경력사무원,제이제이주택,광주 서구,https://kr.indeed.com/viewjob?jk=0495ed5624a64551
외국기업전문회계사무소 신입직원,None,서울 강남구,https://kr.indeed.com/viewjob?jk=479a98ac091ba4bd
[KCC] 재무/세무 회계 경력직,KCC,서울 서초구,https://kr.indeed.com/viewjob?jk=2d1fdf1ccc429bd3
"관리부(인사,총무,회계,경리)",가나씨앤피,서울 중구,https://kr.indeed.com/viewjob?jk=a24c67267f5dade1
직원(회계사무)경력,인정세무법인,광주 서구,https://kr.indeed.com/viewjob?jk=b5feb4029e0c29f6
"회계,법인결산 외 경력직",양지사,경기도 김포,https://kr.indeed.com/viewjob?jk=b762a034cf15b744
BK인베스트 비서 적극적이고 활발한분들 찾습니다,BKinvest,서울 강남구,https://kr.indeed.com/viewjob?jk=dbd99c41e9a5da52
재무/회계 담당 (과차장급) 자동차부품중견그룹사 new,자동차부품중견그룹사,서울특별시,https://kr.indeed.com/viewjob?jk=035e0737081dee85
2020학년도 학교회계직원(급식실 시간제 배식원)채용 공고,인천송천고등학교,인천 남동구,https://kr.indeed.com/viewjob?jk=78a6b60d64407b51
재무회계/인사총무 (정규직),한반도체,천안 동남구,https://kr.indeed.com/viewjob?jk=d74ec0fceb893fa1
일반사무직 신입/경력 계약직,남경화물,대구 달성군,https://kr.indeed.com/viewjob?jk=6ced22aac2f4589d
세무 회계 경리,제이온골프,경상북도 칠곡,https://kr.indeed.com/viewjob?jk=ab40cc615f4a957b
2020년 제형·체험형 청년인턴 및 사무보조원,건설근로자공제회,서울특별시,https://kr.indeed.com/viewjob?jk=e88805e5e9edc5a0
강릉영동대학교 경리. 회계직원,강릉영동대학 산학협력단,강원도 강릉,https://kr.indeed.com/viewjob?jk=a86ee19be4e938a6
세무회계(세무사) 사무실 5년이상 경력직원,백기현세무사사무실,대구 달서구,https://kr.indeed.com/viewjob?jk=0785f14a3db8fe50
"회계, 관리회계 외 경력 정규직",싱크탱크,서울 강남구,https://kr.indeed.com/viewjob?jk=c8ffccc963bc4971
세종시소재 세무회계사무실에 일하실 분 찾고있습니다.,None,대한민국,https://kr.indeed.com/viewjob?jk=8e696f946e9d5258
회계총무 담당 책임자,명가종합건설,대구 달성군,https://kr.indeed.com/viewjob?jk=75ef728308cc2905
역삼역 근처 다율회계법인 역삼지점 일하실 분 찾고 있습니다,None,서울 강남구,https://kr.indeed.com/viewjob?jk=0b871d566c44fd03
경력직 회계사원,None,천안 동남구,https://kr.indeed.com/viewjob?jk=27db06e6f8addaf7
세무회계사무실 경력직 사원,None,천안 동남구,https://kr.indeed.com/viewjob?jk=ff2274368d5bda24
회계세무사무원,세무법인제일서부지점,경기도 시흥,https://kr.indeed.com/viewjob?jk=10b410115db799b0
수발주 및 홈페이지 관리 직원,부산학교식자재사업협동조합,부산 강서구,https://kr.indeed.com/viewjob?jk=1c88aee027fe7f03
연구소 연구관리직 (steel sand casting),영신특수강,천안 동남구,https://kr.indeed.com/viewjob?jk=db771cb44346601b
회계 및 관리업무,얼머스인베스트먼트,서울 강남구,https://kr.indeed.com/viewjob?jk=fd976a5750e6e548
회계사무소 직원,None,부산 사상구,https://kr.indeed.com/viewjob?jk=bd54d3359d957aae
놀땐 빡세게 놀고 일할땐 빡세게 일하고 싶은 사무실에 오고싶으신분 롸잇나우 GOGO!!,세무법인 세종,창원 성산구,https://kr.indeed.com/viewjob?jk=0674a07c2d6bdd97
[아울자산운용] 경영지원 / 회계 / 인사 / 총무 / 경력우대 / 자문사 / 운용사,아울자산운용,서울,https://kr.indeed.com/viewjob?jk=442c33fa58f9384d
대한전기학회 영문논문지 행정지원업무 직원,대한전기학회,서울 강남구,https://kr.indeed.com/viewjob?jk=dbe5f41c5aa9b0d6
회계법인 경력사원,None,부산 금정구,https://kr.indeed.com/viewjob?jk=6722fab4114d0fb6
[ 강력추천 ] 부동산 직원,신화부동산,부산 사하구,https://kr.indeed.com/viewjob?jk=3954880bc8b91db5
더존/재무회계/급여관리/4대보험/일반사무 경력직,엠텍마이크라텍글로벌,안산 단원구,https://kr.indeed.com/viewjob?jk=514f285513ff12cd
사무보조·문서작성,엘에스코어시스템,서울 강남구,https://kr.indeed.com/viewjob?jk=17e972b8e26bcb80
회계사무원,연수조선,충청남도 서천,https://kr.indeed.com/viewjob?jk=aa59b60b1a278c1d
SH공사 전문가,서울특별시,대한민국,https://kr.indeed.com/viewjob?jk=49c87a68f29bf347
"경리, 회계 사무원 (정규직)",도원디에스,서울 구로구,https://kr.indeed.com/viewjob?jk=eca47246730b6d44
2020년 사내 변호사(법무 팀장급),SKC KOLON PI,안양 동안구,https://kr.indeed.com/viewjob?jk=9771a0ce8e13c636
회계사무원,None,전라남도 목포,https://kr.indeed.com/viewjob?jk=b6793c4c73a85625
[ 2020-4호] 별정직(사무총장),국가생명윤리정책원,서울,https://kr.indeed.com/viewjob?jk=8943eec2d6424d21
도시가스 경영지원 담당자,참빛충북도시가스,충청북도 충주,https://kr.indeed.com/viewjob?jk=705a46c600240c62
세무회계,None,부산 해운대구,https://kr.indeed.com/viewjob?jk=4a0ba9ac56213448
가족처럼 함께 일하실 웹디자이너,남면씨앤디,광주 광주시,https://kr.indeed.com/viewjob?jk=101f1ad54f4edf58
경리/회계 경력직,광진테크,경상북도 경산,https://kr.indeed.com/viewjob?jk=be8c825a54239e3d
세무사무실 경력직,None,청주 서원구,https://kr.indeed.com/viewjob?jk=b9eb505bc877d622
아이리스건설 총무회계팀에서 직원분,아이리스건설,광주 서구,https://kr.indeed.com/viewjob?jk=4408b4756d30500a
지금쓰고있는 이력서 내려놓고 지원하세요/일급7.5/주5일,태양,경기도 부천,https://kr.indeed.com/viewjob?jk=bef77b634951e4e5
사단법인 수원여성의전화 부설 통합상담소(가정폭력) 활동가,사단법인 수원여성의전화,수원 팔달구,https://kr.indeed.com/viewjob?jk=7099cfb229561dea
사무원,코리아종합관리,인천 남동구,https://kr.indeed.com/viewjob?jk=a92224fccf546792
회계 및 경리하실분,성현이엔씨,광주 광산구,https://kr.indeed.com/viewjob?jk=577502bf103e5ca2
"인사,회계,총무직",오리온코리아,경기도 평택,https://kr.indeed.com/viewjob?jk=1980a32aa7f33121
(주)에스에이엠 재무회계 경력직,에스제이엠,안산 단원구,https://kr.indeed.com/viewjob?jk=2bae737335dc4b02
회계업무 경력자,미래산업기계,경상남도 함안,https://kr.indeed.com/viewjob?jk=ba994a13dcdbce07
경리 회계사무원,전북행정발전연구원,전주 완산구,https://kr.indeed.com/viewjob?jk=1bbece14101461fe
세무회계 경력직(5년이하),None,대구 달서구,https://kr.indeed.com/viewjob?jk=e7285211e6186386
회계담당사무원 [경력1년이상],케이에이씨,강원도 원주,https://kr.indeed.com/viewjob?jk=ce51f9b8e17889b5
청림R&S 경리,하나킹스밀,충청북도 음성,https://kr.indeed.com/viewjob?jk=17bac94025690bc0
[주식회사 정상] 사무업무 직원,정상,대전 대덕구,https://kr.indeed.com/viewjob?jk=12cc8e9dd67bc19f
"제조업 관리부(총무,회계) 직원",태일엠텍,부산 사하구,https://kr.indeed.com/viewjob?jk=9365eb0f973fcc7e
정규직 직원,킨텍스,경기도,https://kr.indeed.com/viewjob?jk=d6bad4b93766ac39
AOS 작성 청구 / 보험사 청구 / 고객응대,아원모터스,인천 서구,https://kr.indeed.com/viewjob?jk=1e639255a53f67c9
세무회계 경력직원,None,대구 동구,https://kr.indeed.com/viewjob?jk=8accfc48953338ed
건축공무 가능한 인재,에이아이건설,서울 영등포구,https://kr.indeed.com/viewjob?jk=f0108f7d7e7ec62f
하나은행 상암동지점 시급제 텔러 (경력직),에이치엔서브,서울 마포구,https://kr.indeed.com/viewjob?jk=6fe83a93d9bc3620
꼬르소밀라노 무역&회계 / 명품패션수입온라인쇼핑몰,렛츠밀란커머스,서울 성동구,https://kr.indeed.com/viewjob?jk=bbf3292de924c595
회계사무소 경력직원,None,제주 제주시,https://kr.indeed.com/viewjob?jk=ce13ed09a44515eb
"[태건산업개발] 건설사,시행사 재무회계 담당자 (신입/경력)",태건산업개발,서울 강남구,https://kr.indeed.com/viewjob?jk=08b061e0bd6a5855
세무사사무실 경력자 (회계사무원),손병년세무사사무소,대구 북구,https://kr.indeed.com/viewjob?jk=120a0d3b994094ea
경리/회계직,여성아이병원,대구 달서구,https://kr.indeed.com/viewjob?jk=ebfa88f5b2ad4f41
"[주2일근무]꿀알바/검색알바/시간대알바/합정,망원알바/사무알바",셸리뷰티,서울 마포구,https://kr.indeed.com/viewjob?jk=f438486b7b0bf6b3
"[초우량 외국계 대기업] 회계part 매니저, 회계사 (KICPA, AICPA)",에이스파트너스서치펌,서울 송파구,https://kr.indeed.com/viewjob?jk=c13b1084c0813556
"일반사무, 사무관리 외 신입/경력 정규직",바르다건설,서울 구로구,https://kr.indeed.com/viewjob?jk=2428659686bad2b6
식품BU 5월 신입 및 경력사원,대상,서울,https://kr.indeed.com/viewjob?jk=4814b3073951ecb9
경리/회계 관리직,삼일화학,경기도 화성,https://kr.indeed.com/viewjob?jk=90a24c0f2f1a487b
"[] 경리(경력환영,월220만이상), 계산원알바(월144만원), 야간관리(월129만원)",농민마트(동두천점),경기도 동두천,https://kr.indeed.com/viewjob?jk=6acbc3161d3ce32d
세무회계사무소 직원,세무법인마루,강원도 춘천,https://kr.indeed.com/viewjob?jk=0255ba4d351de292
특허 / 변리사 / 제약 / 지재권 / IP,제이앤피에이치알컨설팅,서울 성동구,https://kr.indeed.com/viewjob?jk=a2755cb416aa5f68
단순사무 경리 회계,대경토건,용인 기흥구,https://kr.indeed.com/viewjob?jk=cdbf8c9b89511771
"외국계 자동차부품사 재무,회계팀 중간관리자",메탈다인코리아,경기도 평택,https://kr.indeed.com/viewjob?jk=e38b509803167082
카카오 계열사 회계사 경력 5년이상,바인컨설팅,서울 송파구,https://kr.indeed.com/viewjob?jk=fafb7eaf7cc80c65
식자재 유통 경리 회계 인재,한국중소마트물류,경기도 김포,https://kr.indeed.com/viewjob?jk=ecb6c167f4641733
2018학년도 하반기 아주대학교 직원,아주대학교,수원 영통구,https://kr.indeed.com/viewjob?jk=9774be934476b223
e 커머스업체 재무회계담당,피플투피플,서울 강남구,https://kr.indeed.com/viewjob?jk=bd261fb78c345c5d
가람감정평가법인 강원지사 [회계 사무원],가람감정평가법인,강원도 원주,https://kr.indeed.com/viewjob?jk=f75d835c97e971dc
전문직(리스크관리시스템),KDB산업은행,서울,https://kr.indeed.com/viewjob?jk=a1a0bd96e4f8543e
"연구개발/회계경리/공사,조정엔지니어 직원",토닥시스템,천안 서북구,https://kr.indeed.com/viewjob?jk=6a14c019e7620521
"신입사원 (기업회계, 결산부문)",아이쓰리시스템,대전 유성구,https://kr.indeed.com/viewjob?jk=1f532e3842f24870
"경리,회계 관리자",미소프레쉬,경기도 안성,https://kr.indeed.com/viewjob?jk=87182584243918b6
세무회계사무소 직원,None,서울 성동구,https://kr.indeed.com/viewjob?jk=6268f7bbbe50cf4a
(주)워터기어 영업지원부 신입/경력 계약직,워터기어,경기도 남양주,https://kr.indeed.com/viewjob?jk=cad67247f78aa564
세무회계사무소 회계직원 (단기 근무),이창석세무사사무실,서울 서초구,https://kr.indeed.com/viewjob?jk=d4391a89b2a325c3
사무실 직원 / 기사 (3.5톤 운전가능자),옥승농산,대구 북구,https://kr.indeed.com/viewjob?jk=05c338a8a13eb065
[자동차부품사] 회계 경력직,모트렉스,성남 분당구,https://kr.indeed.com/viewjob?jk=3e925a04ad34154f
세무/회계/사무총괄 관리 담당자 (경력),엔에프코리아,인천 서구,https://kr.indeed.com/viewjob?jk=a721c532d7483ecf
기본급300만보장 모델하우스 (도움부/ 카페테리아/ 인포데스크),스파르타,대구 중구,https://kr.indeed.com/viewjob?jk=cdd79d45c349bae8
긴급새로운시작으로 인생의 파트너 찾습니다. 반은 성공했습니다,메리츠화재(안산드림본부),경기도 시흥,https://kr.indeed.com/viewjob?jk=c03fbedc612d7bbf
사무직,거성,경기도 평택,https://kr.indeed.com/viewjob?jk=ca98b524fc7b832c
재무업무(회계기장 및 법인결산) 정규직 -경력직,바젤케미,충청남도 서천,https://kr.indeed.com/viewjob?jk=3c1d2b8fb8fed91d
남 현장보조 직원,다명이엔지,경기도 이천,https://kr.indeed.com/viewjob?jk=c4243edeef43d06f
"특정직(통번역, 사무관리, 주택연금상담)",한국주택금융공사,서울특별시,https://kr.indeed.com/viewjob?jk=fad1171f24b0979b
2020학년도 서인천고등학교 학교회계직(영양사)채용 공고,서인천고등학교,인천 서구,https://kr.indeed.com/viewjob?jk=c46a165a7f7c2a33
이룸산업 신입직원 /사무보조/주5일,이룸산업,경기도 부천,https://kr.indeed.com/viewjob?jk=09d7748b653a982b
(광주광역시)종합건설회사 현장공무직,고명건설,광주 남구,https://kr.indeed.com/viewjob?jk=b0293d7d0e4c2043
참신한 회계사무원(신입사원),None,서울 구로구,https://kr.indeed.com/viewjob?jk=fdbbfc29e7616d09
5월 입력 단기계약직,안태호세무사사무소,서울 동작구,https://kr.indeed.com/viewjob?jk=00962a676193fa43
세무회계사무소 회계사무 직원,None,전라남도 여수,https://kr.indeed.com/viewjob?jk=bab5a1c38e5348c2
영업지원팀(사무) 신입직원,대일금속,안산 단원구,https://kr.indeed.com/viewjob?jk=8cb896b0bfdd64cf
[조교모집]서울 회계세무학과 조교 모집,경기대학교,대한민국,https://kr.indeed.com/viewjob?jk=70385987f601418b
경제·인문사회연구회 계약직 전문위원,경제인문사회연구회,세종특별자치시 세종,https://kr.indeed.com/viewjob?jk=f8f5fd194b28e4af
경리회계 경력직,유일푸드,경기도 하남,https://kr.indeed.com/viewjob?jk=386c2dcb85c7afac
회계사무직원,None,대구 동구,https://kr.indeed.com/viewjob?jk=b023c08e139ef6e6
예식장 및 장례식장에 축의금 조의금 카드결제 키오스크기기 무료제공 승인서 받는 영업,올다온페이,서울 서초구,https://kr.indeed.com/viewjob?jk=561718eee2a44871
2020년 5월 종합소득세 신고 아르바이트,None,인천 남동구,https://kr.indeed.com/viewjob?jk=887e77d9bb917ff8
세무회계사무소 직원,세무법인택스인,용인 처인구,https://kr.indeed.com/viewjob?jk=425d0c3816fa52fa
기업 부설연구소 직원,유니티자산개발,부산 해운대구,https://kr.indeed.com/viewjob?jk=83b0a3f5fe456bf9
세무사사무소 신입 및 경력자,None,서울 영등포구,https://kr.indeed.com/viewjob?jk=46459197191a889d
서울주택도시공사 개방형 직위 및 전문직 등,서울특별시,대한민국,https://kr.indeed.com/viewjob?jk=fa76401e63fbbe3f
매입/매출 관리업무.,삼성종합물류마트,창원 마산회원구,https://kr.indeed.com/viewjob?jk=5862cc72206f5976
세무회계사무소 경력사원 (5년이상),None,서울 마포구,https://kr.indeed.com/viewjob?jk=15d2dfabb1a6a7c8
서울책보고 회계직 신규 직원,비엠컴퍼니,서울 송파구,https://kr.indeed.com/viewjob?jk=bf8567bd1060edf6
세무회계사무소 직원 (경력),세무법인자연,천안 서북구,https://kr.indeed.com/viewjob?jk=b477156f24a63ac8
일비 3만/7만 부동산 고객관리 해주시분,청운,수원 팔달구,https://kr.indeed.com/viewjob?jk=cdb049eaa35d929e
"엔에스미트 경리,회계 직원",엔에스미트,전라북도 김제,https://kr.indeed.com/viewjob?jk=46d350eef1e9567b
[태안해안] 태안해안국립공원 기간제 직원(휴직자 대체인력),국립공원공단,충청남도,https://kr.indeed.com/viewjob?jk=d6b30b7876565869
[월급180 / 주5일 근무] 기성정밀 구매관리직,기성정밀,충청남도 아산,https://kr.indeed.com/viewjob?jk=6bdcd56c437adacc
국립고궁박물관 전시홍보과 기간제근로자(육아휴직 대체),문화재청,대전 서구,https://kr.indeed.com/viewjob?jk=11b036cef4772e7c
[판다인터네셔날] 총무팀 경리 사원,판다 INTERNATIONAL,부산 사하구,https://kr.indeed.com/viewjob?jk=a67ce0936666ae7c
서울디자인재단 정규직원 (7.26)-수정,서울특별시,대한민국,https://kr.indeed.com/viewjob?jk=d02a85ed28ce7b13
사무보조 담당자 (월197만/군필자 우대/장기근무 가능자),청아플레이스,인천 연수구,https://kr.indeed.com/viewjob?jk=8ecbbc5df020ee9c
광주사회적경제지원센터 직원,광사회적경제지원센터,광주 광산구,https://kr.indeed.com/viewjob?jk=08338ea704d6098d
회계팀 사무보조,유이테크,고양 일산서구,https://kr.indeed.com/viewjob?jk=6f31488b43aa4c8a
[/경력무관/단기근무] 약 2개월 사무보조 아르바이트,세무법인 신화,서울 강남구,https://kr.indeed.com/viewjob?jk=d42880d3ad1ace0d
재단법인 부경문물연구원 사무관리직,부경문물연구원,부산 강서구,https://kr.indeed.com/viewjob?jk=6e6078d088fd15c6
건물 관리소장 경력직 ( 시설관리 / 임대차),정우물산,경기도 부천,https://kr.indeed.com/viewjob?jk=9c16fbf41d5ea492
월급 300만원 / 세무사사무소 경력자 / 사무보조 단기 알바 /성별무관,세무법인 어울림,서울 서초구,https://kr.indeed.com/viewjob?jk=931006e54153586b
경남인생이모작지원센터 전담직원,경남경영자총협회,창원 의창구,https://kr.indeed.com/viewjob?jk=53d5626d0666418e
사무/경리 합니당 지원해주세용,하나로유통,부산 동래구,https://kr.indeed.com/viewjob?jk=d1251164b6310827
세무회계사무소 직원 (경력),세무법인 자연,천안 서북구,https://kr.indeed.com/viewjob?jk=0d56c1f89f4850ed
경리회계사무원 (건설업),세아전력,인천 남동구,https://kr.indeed.com/viewjob?jk=63a9b505308a1e9f
2020학년도 인성여자고등학교 학교회계직원(교무 및 행정실무사) 채용 공고,인성여자고등학교,인천 중구,https://kr.indeed.com/viewjob?jk=504f300cc437d32d
2020학년도 광성고등학교 학교회계직원(교무 및 행정실무사) 채용 공고,광성고등학교,인천 도원동,https://kr.indeed.com/viewjob?jk=78d6dc9fa287ac48
경리 회계사무원,베트컴코리아,과천 과천시,https://kr.indeed.com/viewjob?jk=4a1739897379fcef
세무회계사무소 경력직 직원,None,서울 강서구,https://kr.indeed.com/viewjob?jk=9413843f3867d55b
"노아택스와 함께할 직원 (분당/수내역, 인원 충원)",노아택스 세무그룹,성남 분당구,https://kr.indeed.com/viewjob?jk=0e353114b2c73d3d
경인문화사_회계.경리 사무원,경인문화사,경기도 파주,https://kr.indeed.com/viewjob?jk=5ef827013a138e2c
회계 및 경리사무원,대명씨앤피,경상북도 구미,https://kr.indeed.com/viewjob?jk=a58c72930ee70ea3
미래과학기술지주 주식회사 채용공고,대구경북과학기술원,대구 현풍면,https://kr.indeed.com/viewjob?jk=11705f42eed456e0
서울 교통공사 신규직원,서울특별시,대한민국,https://kr.indeed.com/viewjob?jk=24665697eada2df5
"세무, 출납 외 신입/경력 계약직",에스알투자자산운용,경기도 화성,https://kr.indeed.com/viewjob?jk=387a83fd39bf92c4
자동차부품제조업-경리사무원,태영하이텍,부산 기장군,https://kr.indeed.com/viewjob?jk=4b97756f72aaf0c1
사무직원,일신환경,서울 강서구,https://kr.indeed.com/viewjob?jk=c3e18655347b5c4a
인하사대부고 학교회계직원 행정실무사 채용 (재공고),인하사대부고,인천 학익동,https://kr.indeed.com/viewjob?jk=812a59fef4527451
일반기획 / 광고기획 / 노무재무 / 회계경리 각 1명,웰스타트,경상북도 경산,https://kr.indeed.com/viewjob?jk=b11c12d79deac92c
사무직원,변호사곽지환법,울산 남구,https://kr.indeed.com/viewjob?jk=c779fcebb0558b05
"[경력무관] 휴대폰 판매상담, 전산관리업무, 회계업무",㈜티프리 잠실방이점,서울 송파구,https://kr.indeed.com/viewjob?jk=8a8e26337f617058
세무회계사무원 신입/경력 정규직,None,대구 남구,https://kr.indeed.com/viewjob?jk=3fc41c09f56d8079
경리회계 세무 사원(제조),칠갑농산,충청남도 청양,https://kr.indeed.com/viewjob?jk=465ea9bc8b21b689
[채용설명회] [수정] WB 한국인 직원 채용 (~10/30),국제금융기구,세종특별자치시,https://kr.indeed.com/viewjob?jk=d0e38e31c8319e91
사무경리직원 09~18시 주5일 연봉2160만 4대보험 식비제공,삼화측량설,경기도 남양주,https://kr.indeed.com/viewjob?jk=e2d0e5e11b3c9138
세무회계사무소 경력/과장/대리/신입 직원,None,서울 영등포구,https://kr.indeed.com/viewjob?jk=0da47311fefbb683
회계사무원,대호해운,부산 영도구,https://kr.indeed.com/viewjob?jk=18045960cab914d7
[주5일/월200만]사무직,다명E&C,서울 강서구,https://kr.indeed.com/viewjob?jk=5885ae15b20d954d
(더존가능자/회계유경험자)사무직 .,한성미트뱅크,울산 북구,https://kr.indeed.com/viewjob?jk=12755f7a13bf394d
경영지원팀 회계 및 정부지원 사업 관리 인재,두에이아이,용인 기흥구,https://kr.indeed.com/viewjob?jk=a68b904ccdd829af
회계사무원 신입및 1년미만,None,광주 서구,https://kr.indeed.com/viewjob?jk=ab07cb6278320840
회계사무소 경력사원 (경력 3년이상),None,충청남도 아산,https://kr.indeed.com/viewjob?jk=736b9dd85d374880
2020년도 상반기 체험형 청년인턴(장애),한국재정정보원,서울특별시,https://kr.indeed.com/viewjob?jk=be19b6d023362152
사무직/ 경리 업무 밝고 오래일하실분,동양에프엘,경기도 의왕,https://kr.indeed.com/viewjob?jk=503900e2f605717b
"450/남눈치안보고,내 일만해도/40대20대모든가능/초보무상교육/yu114",대기업택배/아파트,서울 구로구,https://kr.indeed.com/viewjob?jk=773ef9d5f8d58f10
세무회계사무실 경력직원,None,서울 금천구,https://kr.indeed.com/viewjob?jk=9221f91c5d97a9ea
재무 및 회계사무원,대경토건,서울 서초구,https://kr.indeed.com/viewjob?jk=995bab9c8e92fe47
계약직원,혜전대학,충청남도 홍성,https://kr.indeed.com/viewjob?jk=e6860b3470648928
"건설업 경력직(경리,회계)사원",신우건설,천안 서북구,https://kr.indeed.com/viewjob?jk=8f287cc76b16accf
회계(K-GAAP/K-IFRS) 및 세무 총괄,영인기술,서울 송파구,https://kr.indeed.com/viewjob?jk=4bd0f54f84d032ff
세무기장직원,세무법인대명택스 강남점,서울 서초구,https://kr.indeed.com/viewjob?jk=128c1e42e2395a02
성실한 직원,동래GNI,부산 동래구,https://kr.indeed.com/viewjob?jk=5afa4417659adede
회계(경리)관리 및 사무보조 정규직,아토아토,경상남도 진주,https://kr.indeed.com/viewjob?jk=ed7b967fd8ca52bb
회계사무실 경력직원,None,대한민국,https://kr.indeed.com/viewjob?jk=ed44d1e0baa7ab92
서울주택도시공사 주거복지직 신입사원,서울특별시,대한민국,https://kr.indeed.com/viewjob?jk=214c76bc7e0618dd
세무/회계 세무법인(세무사) 경력 직원,세무법인 선율,서울 성동구,https://kr.indeed.com/viewjob?jk=7b33c868c2f98afc
"경리, 회계 정규직 (신입 / 경력직 무관 - 주말근무가능자 우대)",한미이앤씨,서울 동작구,https://kr.indeed.com/viewjob?jk=35991c16ffbd8ae7
"관리부(경리, 구매) 담당자",와텍스,대한민국,https://kr.indeed.com/viewjob?jk=86fa07be0cdb1ed9
회계사무실 경력직원 [김진현회계사],None,울산 남구,https://kr.indeed.com/viewjob?jk=ca2a5e627c8bfb5f
"세무회계사무 직원 (신입, 경력 무관)",None,서울 강남구,https://kr.indeed.com/viewjob?jk=0c080b2348045f21
"국제협력부 해외파견(마다가스카르, 레바논 ) 행정간사 모집공고",밀알복지재단,대한민국,https://kr.indeed.com/viewjob?jk=aa0d6bb37ef78404
사무직(가구도면관련) 성실한 직원,누림,경기도 포천,https://kr.indeed.com/viewjob?jk=10667029fabe1494
전기공사업 회계 직원,용수전기,부산 사상구,https://kr.indeed.com/viewjob?jk=56500b20ebe11cb6
기간제근로자(휴직대체/회계 및 행정),성북문화재단,서울,https://kr.indeed.com/viewjob?jk=247873d3d23e7d14
재무회계 / 그룹계열사 / 3년이상,서울외대스카우트,서울 중구,https://kr.indeed.com/viewjob?jk=1cfcd2c2e0c90f57
회계 사무원 (10년 이상 경험자),한탑,광주 광주시,https://kr.indeed.com/viewjob?jk=98ca8e83d62a9600
회계사무원,None,전라남도 목포,https://kr.indeed.com/viewjob?jk=505677ea02c015bc
"제조업 회계,경리사무원",외중기업,포항 북구,https://kr.indeed.com/viewjob?jk=2c5f390a5f047ea5
"소방,전기,통신,기계",킨텍스,경기도,https://kr.indeed.com/viewjob?jk=314dff90e044c450
2020년 MetLife FSR(금융컨설턴트) 신입/경력 (교육비.정착비지원),MetLife,서울 강남구,https://kr.indeed.com/viewjob?jk=c585436945ba90de
"인사,회계,총무직",엘케이,경기도 평택,https://kr.indeed.com/viewjob?jk=b94a6e6cdcf26482
[NCS기반 블라인드 ] 2020년 제2차 비정규직(육아휴직 대체인력 등),국가평생교육진흥원,서울,https://kr.indeed.com/viewjob?jk=7a64a517b3a5f83b
"코레일로지스(주) 제직원(보훈제한경쟁,경쟁)",코레일로지스,서울특별시,https://kr.indeed.com/viewjob?jk=d7b4ce1e02195438
[법무사 사무소] 사무직 [급구],법무사오성용사무소,서울 관악구,https://kr.indeed.com/viewjob?jk=195e75a3294de599
"세무회계직, 경영기획(관리팀), 시스템 엔지니어",엔클라우드,서울 강서구,https://kr.indeed.com/viewjob?jk=adf6b6f9f7d7a03d
출고관리하실분/골판지 톰슨기장 및 철접합기장 연봉3500만,네오페이퍼,경기도 화성,https://kr.indeed.com/viewjob?jk=5b5c41987cd312ba
"측량·계측, 토목설계 또는 사무,회계가능자신입 정규직",강원측량,강원도 횡성,https://kr.indeed.com/viewjob?jk=ad44a95dc9cdcf74
일반경리(건설)업무 직원,신아종합건설,대전 서구,https://kr.indeed.com/viewjob?jk=ee3850b0a535f371
서울메트로 신입사원,서울특별시,대한민국,https://kr.indeed.com/viewjob?jk=097752470934b377
"더존회계/경리/출납/건설 사무원,",세한프레시젼,경기도 부천,https://kr.indeed.com/viewjob?jk=a520d95f1b9cd556
[전기/통신/소방 공사업] 회계/세무/관리 팀장,원산,부산 동구,https://kr.indeed.com/viewjob?jk=da648607a6707bf0
세무회계사무소 경력자,None,광주 북구,https://kr.indeed.com/viewjob?jk=c2c3f8346e928240
동원푸드 사무직,동원푸드,경상남도 양산,https://kr.indeed.com/viewjob?jk=4a2149b368479388
한국투자증권 인사부 사무보조원,한국투자증권,서울 영등포구,https://kr.indeed.com/viewjob?jk=33b0565ad3251887
경리회계 정규직,구가도시건축 건축사사무소,서울 종로구,https://kr.indeed.com/viewjob?jk=07f67dd739dca3ba
[소백산] 소백산국립공원 수익시설물관리 직원,국립공원공단,경상북도,https://kr.indeed.com/viewjob?jk=fe258c4f892d5001
2020년 안다르 각 부문별 신입 및 경력사원,안다르,경기도 파주,https://kr.indeed.com/viewjob?jk=636cd21f31dd988d
성실한 회계직원,세무사신석봉사무소,서울 금천구,https://kr.indeed.com/viewjob?jk=2edffcc1b36a5b51
특허맵 작성 및 기술사업화,특허법인 다울,서울 강남구,https://kr.indeed.com/viewjob?jk=89ab8a697459a9e2
자율퇴근 월평균 200만원~/ 인.아웃/보상처리 담당,DB손해보험 용인드림TC,용인 기흥구,https://kr.indeed.com/viewjob?jk=f927d2f8dce51b98
[태건산업개발] 꼼꼼하고 진실된 재무팀 신입/경력,태건산업개발,서울 강남구,https://kr.indeed.com/viewjob?jk=9b8024053154c34c
신탁회계 및 주식 트레이딩 업무 담당자(경력),그로쓰힐자산운용,대한민국,https://kr.indeed.com/viewjob?jk=967ec4174e5c41cb
세무사 사무실 회계사무원[경력직] 직원,더난세무법인,경기도 화성,https://kr.indeed.com/viewjob?jk=f06f92db57ac177a
회계사무원,None,강원도 춘천,https://kr.indeed.com/viewjob?jk=bbefb4a441c2fb63
인천 남동구 고잔동 세무회계 경력직,None,인천 남동구,https://kr.indeed.com/viewjob?jk=ab8c2a7879b0ecf8
산림건설업 경리업무,신아,전주 덕진구,https://kr.indeed.com/viewjob?jk=9c0d7d4667b1297f
해외근무자(베트남),상지고무롤,대구 달서구,https://kr.indeed.com/viewjob?jk=b62c6eefaf6d80dd
"2020년도 블라인드 직원채용(사무직, 기술직) 공고 (장애인 특별우대)",서울대학교병원,서울,https://kr.indeed.com/viewjob?jk=d7a7782a44b65fe1
"상담직원 1명(학생 및 학부모상담 ,관리)/ 행정관련 사무직1명 및",청담어학원,강원도 원주,https://kr.indeed.com/viewjob?jk=0129bc3219952fb7
한국폴리텍대학인재원 2020년 체험형 청년인턴(장애인),한국폴리텍,전라북도,https://kr.indeed.com/viewjob?jk=42528078fe07b87e
화천세무회계 사무원,None,강원도 화천,https://kr.indeed.com/viewjob?jk=f3052df5dcdb078d
총무,정담아,경상북도 칠곡,https://kr.indeed.com/viewjob?jk=4a1f6b50748d6a25
영업직원,한빛식품,대구 북구,https://kr.indeed.com/viewjob?jk=402a34277b940641
코리아경기도주식회사 직원 공개,코리아경기도,성남 분당구,https://kr.indeed.com/viewjob?jk=10fb2e9355990cce
일비7만 당일지급 기초부터 배우면서 일하시면 결코 어려운일 아닙니다,새솔컴퍼니,용인 수지구,https://kr.indeed.com/viewjob?jk=e9dc15fba4b9afc5
미래환경 사무직 알바 13~17 또는 18시,미래환경,안산 단원구,https://kr.indeed.com/viewjob?jk=2c8bc75d8d459582
사무직 직원,삼신기업,경상남도 양산,https://kr.indeed.com/viewjob?jk=62df180774b5c3f2
공무 및 경리업무(사무실 내근) 하실 분,우리이앤티,성남 수정구,https://kr.indeed.com/viewjob?jk=f6ec93b82b57938e
"(주)GS스포츠 재무,세무회계 업무 신입 및 경력직(3년이내)",지에스스포츠,서울 마포구,https://kr.indeed.com/viewjob?jk=64fd5ab3b395c10c
2020 특성화전담요원,인천비즈니스고등학교,인천,https://kr.indeed.com/viewjob?jk=6b167be2dc60a34d
[주5일근무]인포데스크 직원,풍전법인,대구 중구,https://kr.indeed.com/viewjob?jk=2dd6a167504ee71f
인하부고 2019학년도 학교회계직(영양사) 채용공고,인하대학교사범대학부속고등학교,인천광역시,https://kr.indeed.com/viewjob?jk=b4642c61f8f76a91
SH공사 신입사원,서울특별시,대한민국,https://kr.indeed.com/viewjob?jk=8ed8857fd0765638
[한국지식재산보호원]2020년 제6차 인력 문,재단법인 한국지식재산보호원,서울 강남구,https://kr.indeed.com/viewjob?jk=cf74af1c22ecada6
[에스코컨설턴트] 일반 사무직,에스코컨설턴트,안양 동안구,https://kr.indeed.com/viewjob?jk=c084b867061b0ef4
회계 팀장급. 사원.,바이블,광주 광주시,https://kr.indeed.com/viewjob?jk=39cccc99467ae863
"회계, 전산회계 외 경력 정규직",파크웨이에셋,서울 강남구,https://kr.indeed.com/viewjob?jk=24b39049e412d36e
"경리, 회계관리 (신입,경력) 상반기",정훈종합건설,서울 강서구,https://kr.indeed.com/viewjob?jk=d334e8078385490d
인천대건고등학교 학교회계직원(행정실무사)공개 채용 공고,인천대건고등학교,인천 연수구,https://kr.indeed.com/viewjob?jk=ad41841fc1ed6dd9
"경리직, 서무직(전화응대) 정규직",동문총판,경기도 화성,https://kr.indeed.com/viewjob?jk=a31dcf4a16346fa8
회계/더존/경리/사무행정 경력 정규직,비케이테크니컬서비스,용인 기흥구,https://kr.indeed.com/viewjob?jk=87f4f73348efdc8c
사무경리직원,탐라위생방역,제주 제주시,https://kr.indeed.com/viewjob?jk=d000684194433129
총무 관리과,부산인텍부산금망,부산 강서구,https://kr.indeed.com/viewjob?jk=6aa5619f10d050da
오제플러스 회계 정규직(강매),오제플러스,고양 강매동,https://kr.indeed.com/viewjob?jk=dab544ef0f54b3ba
세무회계사무실 회계사무원,세무사신현일사무소,제주 제주시,https://kr.indeed.com/viewjob?jk=88ee1c2f8f0af69d
사무직 직원,덴탈메디코리아,서울 구로구,https://kr.indeed.com/viewjob?jk=302afbc69009dfb4
[관리부] 세무회계/전문건설업 경리 담당자,에스디씨컨스트룩,서울 광진구,https://kr.indeed.com/viewjob?jk=d1a37896072e15f6
건설 및 제조 경리 및 공무,유니크건설,광주 광산구,https://kr.indeed.com/viewjob?jk=1967c5992fd43fb8
경영기획실 회계업무 담당자 (계약직),파워소프트,경기도 군포,https://kr.indeed.com/viewjob?jk=5a2a77e36c22020f
회계사무원,농업회사법인신우에프에스,충청남도 서산,https://kr.indeed.com/viewjob?jk=8ce3867017983a23
2020 상반지 경리(회계) 정규직,대은산업,경기도 시흥,https://kr.indeed.com/viewjob?jk=6bffe26c1e5c545f
2020년 제기간제계약직,한국어촌어항공단,서울,https://kr.indeed.com/viewjob?jk=88c92ac06e4b44d1
웹디자인/경리/회계/사무보조 직원,이드코퍼레이션,포항 북구,https://kr.indeed.com/viewjob?jk=f7082c549b87ed7a
강력추천/업무난이도낮음화물배차관리 직원,강산물류,천안 서북구,https://kr.indeed.com/viewjob?jk=fc6138dc6fffb980
2020년 제8차 위촉직(기간제) 공개,국토연구원,세종특별자치시,https://kr.indeed.com/viewjob?jk=1fcb77816dd0daad
사무실경리 09시~18시 주5일근무 월210만,신월4구역 주택재건축정비사업조합,서울 양천구,https://kr.indeed.com/viewjob?jk=d8f0a2469dcc1cb7
세무법인(세무사사무실)에서 함께 하실 분,세무법인가감,용인 수지구,https://kr.indeed.com/viewjob?jk=27dfc91bb919eca2
경리직원,씨에이치산업,경기도 파주,https://kr.indeed.com/viewjob?jk=353504e5801105c7
경리 신입 정규직,수성레이크,대구 동구,https://kr.indeed.com/viewjob?jk=2ef9d883bbd74ad9
국토연구원 2020년도 청년인턴(장애인 제한경쟁 포함),국토연구원,세종특별자치시 세종,https://kr.indeed.com/viewjob?jk=492464cbb8f6a141
종합소득세 신고 아르바이트,하하세무,천안 동남구,https://kr.indeed.com/viewjob?jk=91596f7d8253e1e5
[경영관리] 대졸신입 수시,한국항공우주산업,경상남도 사천,https://kr.indeed.com/viewjob?jk=dfbb189d8c8799c9
세무&회계&결산·정산&경리 정규직 (신입),세무법인다울,경기도 군포,https://kr.indeed.com/viewjob?jk=fd9aba9dde28f254
하나새마금고 금융텔러직원,하나새마을금고,제주 제주시,https://kr.indeed.com/viewjob?jk=199c86013546dae2
"ERP운용, 전표입력 외 신입/경력 정규직",글로코,경기도 화성,https://kr.indeed.com/viewjob?jk=6348e983a970e046
[월210/주5일/점심제공] 경리/사무보조,승호기획,서울 금천구,https://kr.indeed.com/viewjob?jk=51723f8d54240826
재무부 직원,디엔텍,경기도 이천,https://kr.indeed.com/viewjob?jk=8fb75ff5d1b1b593
경리회계 사무원,신화이지스,경기도 화성,https://kr.indeed.com/viewjob?jk=49f02e0b2bae8ce5
[경동원] 경영정보팀 정규직 신입사원,경동나비엔,서울 영등포구,https://kr.indeed.com/viewjob?jk=b2742ffac94abaf0
"사무보조, 영업 외 신입/경력 정규직",법무사법인신우,광주광역시,https://kr.indeed.com/viewjob?jk=24860f4d7524618d
경리/회계/사무보조 경력직,한국에너지진단,용인 기흥구,https://kr.indeed.com/viewjob?jk=c2e4af6289439a09
기간제근로자(휴직대체/회계 및 행정) 채용 재공고,성북문화재단,서울,https://kr.indeed.com/viewjob?jk=8452c165319e039c
세무회계사무소 경력직,None,인천 계양구,https://kr.indeed.com/viewjob?jk=6e3555189ae1107f
변리사 신입/경력 위촉직,중소기업통합지원센터,서울 금천구,https://kr.indeed.com/viewjob?jk=a020103242b3e4f5
제조업 회계 경력직(과장급이상),대한특수금속,인천 남동구,https://kr.indeed.com/viewjob?jk=8759d9ca99d5e028
경리회계,아세아엠텍,경기도 시흥,https://kr.indeed.com/viewjob?jk=ea20e110d536ad2d
해외법인 회계관리 팀원 :고성장 유망 소비재 강소기업,디에스파트너즈그룹,서울 강남구,https://kr.indeed.com/viewjob?jk=0b1f7c85576ba93d
BK전략본부 서울고객지원팀(시료관리) 위촉직,한국산업기술시험원,서울,https://kr.indeed.com/viewjob?jk=f85be17a8029735f
2020학년도 광성고등학교 학교회계직원(교무실무사) 채용 공고,광성고등학교,인천 도원동,https://kr.indeed.com/viewjob?jk=6a01812349a50802
세무사사무실 직원,더난세무법인 중앙지점,수원 팔달구,https://kr.indeed.com/viewjob?jk=4b92c1675cb70916
회계사무원,None,강원도 강릉,https://kr.indeed.com/viewjob?jk=aae591a2f2058863
"부동산 임대 및 관리회사로서, 성실한 직원2명, 팀장1명",라성산업개발,서울 성동구,https://kr.indeed.com/viewjob?jk=9450e66fed89def8
MBC 재무운영부 재무회계 담당 모집,문화방송,서울 상암동,https://kr.indeed.com/viewjob?jk=f2773b31821ca7fe
재무관리본부,Nexon,성남 분당구,https://kr.indeed.com/viewjob?jk=94f57cb9e45e7758
중공업PG 경력사원 공채,효성,대한민국,https://kr.indeed.com/viewjob?jk=848f96fcd7fc7753
SH공사 주거복지센터 직원,서울특별시,대한민국,https://kr.indeed.com/viewjob?jk=29029a846e847ee4
2020년 제2차 한국마사회시설관리(주) 관리직,인사바른,안양 동안구,https://kr.indeed.com/viewjob?jk=b149a5f79410cc72
Supervisor Internal Controls,Philip Morris International,서울,https://kr.indeed.com/viewjob?jk=f8dcd13eac35ed1a
경리 및 회계,에이플러스,경기도 안성,https://kr.indeed.com/viewjob?jk=e0513b5681d10eaa
"마케팅기획, 온라인마케팅 외 신입/경력 정규직",미쓰리,광주 광주시,https://kr.indeed.com/viewjob?jk=b512dc69b104a669
유니슨에이치케이알 경영 재무회계 팀장급 경력사원,유니슨에이치케이알,천안 동남구,https://kr.indeed.com/viewjob?jk=bc1b4bc1e6b34ca6
경리.회계 사무원(3년이상 경력자/건설업),삼장알미늄,광주 광산구,https://kr.indeed.com/viewjob?jk=f24559c91a3ea0bb
대전창조경제혁신센터 관리(사무보조)인원.,성진기업,대전 유성구,https://kr.indeed.com/viewjob?jk=2b23c2c9218dee9b
서울시설관리공단 직원,서울특별시,대한민국,https://kr.indeed.com/viewjob?jk=db967cf3dda453e9
"경리, 회계사원",미 래,광주 광주시,https://kr.indeed.com/viewjob?jk=78c0dc054e509d83
경리/회계사무원,보타리에너지,제주 제주시,https://kr.indeed.com/viewjob?jk=9134e48e312498d3
"경리,회계직원",고운전기,광주 북구,https://kr.indeed.com/viewjob?jk=669b07c5f2444c5f
"경리사무, 인사총무 외 신입/경력 정규직",베스틸,경기도 평택,https://kr.indeed.com/viewjob?jk=e97e4831628f0d8b
회계법인 기장팀 사원,None,청주 상당구,https://kr.indeed.com/viewjob?jk=eacc793f9f9e9cff
세무회계 5년이상 경력자,None,천안 동남구,https://kr.indeed.com/viewjob?jk=5c288940278ef670
